Fq (MHz),Relative Power,?,Radial Velocity (km/s)
1418.8,0.0149,0.000185,80.614746
1418.801172,0.014903,0.000185,80.707985
1418.802344,0.014923,0.000184,80.966179
1418.803516,0.014949,0.000184,81.292732
1418.804688,0.014885,0.000183,81.218636
1418.805859,0.014819,0.000183,81.200706
1418.807031,0.0148,0.000182,81.189835
1418.808203,0.014787,0.000182,81.192795
1418.809375,0.014785,0.000182,81.25309
1418.810547,0.014775,0.000182,81.279015
1418.811719,0.014802,0.000181,81.699059
1418.812891,0.014797,0.000181,81.865036
1418.814062,0.014725,0.000181,81.452202
1418.815234,0.014662,0.000181,81.154327
1418.816406,0.014644,0.00018,81.135796
1418.817578,0.014658,0.00018,81.294975
1418.81875,0.014625,0.00018,81.29615
1418.819922,0.014604,0.00018,81.276588
1418.821094,0.014617,0.000179,81.48275
1418.822266,0.014585,0.000179,81.343773
1418.823437,0.014523,0.000179,80.991081
1418.824609,0.014546,0.000179,81.321823
1418.825781,0.014546,0.000178,81.747635
1418.826953,0.014569,0.000177,82.124359
1418.828125,0.014583,0.000177,82.207237
1418.829297,0.014517,0.000178,81.571655
1418.830469,0.014475,0.000178,81.316368
1418.831641,0.014466,0.000178,81.494499
1418.832813,0.014456,0.000178,81.432472
1418.833984,0.014494,0.000178,81.530136
1418.835156,0.014528,0.000178,81.783813
1418.836328,0.014511,0.000177,81.968697
1418.8375,0.014521,0.000176,82.315445
1418.838672,0.014523,0.000176,82.459663
1418.839844,0.014484,0.000176,82.213264
1418.841016,0.014501,0.000176,82.307793
1418.842187,0.014547,0.000176,82.740913
1418.843359,0.014543,0.000176,82.715965
1418.844531,0.014497,0.000176,82.390053
1418.845703,0.01447,0.000177,81.895325
1418.846875,0.014493,0.000177,81.83667
1418.848047,0.014534,0.000177,82.134293
1418.849219,0.014538,0.000177,82.281067
1418.850391,0.014505,0.000176,82.256622
1418.851562,0.014508,0.000176,82.362183
1418.852734,0.014516,0.000176,82.413338
1418.853906,0.014522,0.000176,82.462959
1418.855078,0.014516,0.000176,82.47332
1418.85625,0.014517,0.000176,82.347542
1418.857422,0.01456,0.000177,82.377525
1418.858594,0.014585,0.000177,82.524361
1418.859766,0.014599,0.000177,82.501015
1418.860937,0.014574,0.000177,82.302483
1418.862109,0.014563,0.000177,82.258629
1418.863281,0.01461,0.000177,82.372948
1418.864453,0.014646,0.000178,82.477951
1418.865625,0.014664,0.000178,82.462929
1418.866797,0.014675,0.000179,82.038506
1418.867969,0.014674,0.000179,81.865288
1418.869141,0.014667,0.000179,82.04837
1418.870312,0.014682,0.000179,82.225914
1418.871484,0.014691,0.000179,82.058197
1418.872656,0.014703,0.00018,81.710922
1418.873828,0.014767,0.00018,81.887787
1418.875,0.014798,0.000181,81.94384
1418.876172,0.014791,0.000181,81.742516
1418.877344,0.01484,0.000182,81.661293
1418.878516,0.014884,0.000182,81.810455
1418.879688,0.014922,0.000182,81.976952
1418.880859,0.014943,0.000183,81.760048
1418.882031,0.014945,0.000183,81.537704
1418.883203,0.01497,0.000184,81.557648
1418.884375,0.015048,0.000184,81.877106
1418.885547,0.015112,0.000184,81.999657
1418.886719,0.015138,0.000185,81.77565
1418.887891,0.015152,0.000186,81.452141
1418.889062,0.01519,0.000187,81.238457
1418.890234,0.015245,0.000187,81.511909
1418.891406,0.015283,0.000187,81.825638
1418.892578,0.015324,0.000188,81.634987
1418.89375,0.015356,0.000189,81.425652
1418.894922,0.015366,0.000189,81.223755
1418.896094,0.015449,0.00019,81.189621
1418.897266,0.015545,0.000191,81.341454
1418.898438,0.01563,0.000192,81.508133
1418.899609,0.015673,0.000192,81.44516
1418.900781,0.015676,0.000193,81.285942
1418.901953,0.015754,0.000194,81.285568
1418.903125,0.015864,0.000194,81.572266
1418.904297,0.015921,0.000195,81.576813
1418.905469,0.015958,0.000196,81.444031
1418.906641,0.016002,0.000197,81.164688
1418.907812,0.016054,0.000198,80.980812
1418.908984,0.016093,0.000199,80.800339
1418.910156,0.016195,0.0002,80.994667
1418.911328,0.016272,0.000201,81.103394
1418.9125,0.016306,0.000201,80.944122
1418.913672,0.016367,0.000202,81.012077
1418.914844,0.016436,0.000203,81.047195
1418.916016,0.016529,0.000204,81.180794
1418.917187,0.016634,0.000205,81.273773
1418.918359,0.016675,0.000206,81.006485
1418.919531,0.016746,0.000207,80.88208
1418.920703,0.01684,0.000208,80.880028
1418.921875,0.016895,0.000209,80.658371
1418.923047,0.01693,0.00021,80.517822
1418.924219,0.017003,0.000211,80.468979
1418.925391,0.017076,0.000213,80.156914
1418.926563,0.017142,0.000214,79.933647
1418.927734,0.017244,0.000215,80.172844
1418.928906,0.017351,0.000216,80.360703
1418.930078,0.01745,0.000217,80.445099
1418.93125,0.01753,0.000218,80.570114
1418.932422,0.017608,0.000219,80.408585
1418.933594,0.017708,0.000221,80.236893
1418.934766,0.017747,0.000222,80.009064
1418.935937,0.017855,0.000223,80.224457
1418.937109,0.01801,0.000224,80.43853
1418.938281,0.018086,0.000225,80.411148
1418.939453,0.018129,0.000226,80.290703
1418.940625,0.018171,0.000227,79.939713
1418.941797,0.018219,0.000229,79.551079
1418.942969,0.018315,0.00023,79.570663
1418.944141,0.018456,0.000232,79.696625
1418.945312,0.018564,0.000233,79.683372
1418.946484,0.018635,0.000234,79.71347
1418.947656,0.018757,0.000235,79.79567
1418.948828,0.018898,0.000237,79.870094
1418.95,0.019024,0.000237,80.101288
1418.951172,0.01911,0.000239,80.081535
1418.952344,0.019193,0.00024,80.103226
1418.953516,0.019291,0.000241,80.065521
1418.954687,0.019388,0.000243,79.758354
1418.955859,0.019466,0.000244,79.658302
1418.957031,0.019524,0.000245,79.647736
1418.958203,0.019606,0.000246,79.771858
1418.959375,0.019715,0.000247,79.751923
1418.960547,0.019829,0.000249,79.769218
1418.961719,0.019944,0.00025,79.849884
1418.962891,0.020061,0.000251,79.875992
1418.964062,0.020198,0.000253,79.911728
1418.965234,0.020295,0.000255,79.595482
1418.966406,0.020398,0.000257,79.439629
1418.967578,0.020522,0.000258,79.489029
1418.96875,0.020644,0.000259,79.574966
1418.969922,0.020732,0.000261,79.553787
1418.971094,0.020814,0.000262,79.536613
1418.972266,0.020876,0.000263,79.342186
1418.973438,0.020966,0.000264,79.281029
1418.974609,0.021066,0.000266,79.240059
1418.975781,0.021165,0.000267,79.241753
1418.976953,0.021276,0.000268,79.303284
1418.978125,0.021387,0.000269,79.429787
1418.979297,0.021525,0.000271,79.574989
1418.980469,0.02165,0.000272,79.654312
1418.981641,0.021729,0.000274,79.429192
1418.982812,0.021831,0.000276,79.177078
1418.983984,0.021948,0.000277,79.16053
1418.985156,0.022075,0.000279,79.246918
1418.986328,0.022216,0.000279,79.523933
1418.9875,0.022308,0.000281,79.522621
1418.988672,0.022404,0.000283,79.17765
1418.989844,0.022553,0.000285,79.247002
1418.991016,0.022612,0.000286,79.153152
1418.992188,0.022708,0.000287,79.135818
1418.993359,0.022772,0.000289,78.92672
1418.994531,0.022821,0.00029,78.785416
1418.995703,0.022987,0.000291,79.01461
1418.996875,0.02314,0.000292,79.190422
1418.998047,0.023239,0.000294,79.04203
1418.999219,0.023398,0.000296,79.045067
1419.000391,0.023496,0.000297,79.05085
1419.001562,0.02355,0.000299,78.848007
1419.002734,0.023661,0.0003,78.969414
1419.003906,0.023757,0.0003,79.133392
1419.005078,0.023828,0.000303,78.754753
1419.00625,0.023961,0.000305,78.592491
1419.007422,0.024094,0.000306,78.764412
1419.008594,0.024201,0.000307,78.848442
1419.009766,0.024302,0.000308,78.884827
1419.010937,0.024402,0.00031,78.797432
1419.012109,0.024534,0.000312,78.677803
1419.013281,0.024645,0.000314,78.590828
1419.014453,0.024744,0.000314,78.721535
1419.015625,0.024906,0.000315,78.952263
1419.016797,0.02503,0.000317,78.988419
1419.017969,0.025114,0.000318,78.958893
1419.019141,0.025205,0.00032,78.824898
1419.020313,0.025307,0.000321,78.739395
1419.021484,0.025429,0.000323,78.748863
1419.022656,0.025534,0.000324,78.693016
1419.023828,0.025584,0.000326,78.501976
1419.025,0.025651,0.000328,78.2257
1419.026172,0.025798,0.000329,78.432465
1419.027344,0.025999,0.00033,78.890892
1419.028516,0.026144,0.00033,79.134651
1419.029687,0.026183,0.000332,78.852806
1419.030859,0.026236,0.000334,78.643402
1419.032031,0.026351,0.000335,78.662453
1419.033203,0.026531,0.000337,78.767685
1419.034375,0.026677,0.000338,78.829117
1419.035547,0.026778,0.00034,78.870209
1419.036719,0.026891,0.00034,78.975121
1419.037891,0.026989,0.000342,78.907509
1419.039062,0.027028,0.000344,78.577408
1419.040234,0.027065,0.000345,78.519493
1419.041406,0.027141,0.000346,78.488823
1419.042578,0.027268,0.000347,78.56871
1419.04375,0.027406,0.000349,78.62207
1419.044922,0.027482,0.000351,78.19075
1419.046094,0.027586,0.000354,78.023636
1419.047266,0.027735,0.000354,78.286575
1419.048437,0.027874,0.000355,78.543594
1419.049609,0.027967,0.000356,78.486343
1419.050781,0.028047,0.000358,78.373436
1419.051953,0.028095,0.000359,78.350441
1419.053125,0.028169,0.00036,78.250313
1419.054297,0.02834,0.000361,78.433632
1419.055469,0.028519,0.000363,78.489525
1419.056641,0.028597,0.000366,78.158363
1419.057812,0.02869,0.000367,78.264618
1419.058984,0.028838,0.000367,78.552956
1419.060156,0.02889,0.000368,78.398048
1419.061328,0.028977,0.000371,78.202858
1419.0625,0.029101,0.000372,78.170906
1419.063672,0.02919,0.000372,78.442261
1419.064844,0.029292,0.000373,78.528992
1419.066016,0.029334,0.000375,78.184998
1419.067188,0.029378,0.000377,77.900169
1419.068359,0.029568,0.000379,78.110901
1419.069531,0.029804,0.000379,78.576447
1419.070703,0.029949,0.00038,78.737007
1419.071875,0.029907,0.000382,78.197189
1419.073047,0.029964,0.000385,77.908943
1419.074219,0.030133,0.000385,78.221512
1419.075391,0.030217,0.000385,78.433815
1419.076562,0.0303,0.000385,78.624504
1419.077734,0.030355,0.000388,78.313286
1419.078906,0.030419,0.000389,78.111076
1419.080078,0.030563,0.000391,78.171097
1419.08125,0.030677,0.000393,78.100677
1419.082422,0.030761,0.000394,78.047798
1419.083594,0.030872,0.000395,78.181068
1419.084766,0.030919,0.000396,78.171944
1419.085938,0.030982,0.000397,78.131012
1419.087109,0.031041,0.000398,77.953186
1419.088281,0.031171,0.0004,77.892258
1419.089453,0.031297,0.000401,77.994781
1419.090625,0.031402,0.000402,78.172478
1419.091797,0.031517,0.000403,78.185471
1419.092969,0.031636,0.000405,78.164299
1419.094141,0.031775,0.000406,78.289528
1419.095312,0.031891,0.000407,78.407234
1419.096484,0.031946,0.000408,78.39399
1419.097656,0.032004,0.00041,78.133293
1419.098828,0.032049,0.000412,77.880966
1419.1,0.032118,0.000412,77.861908
1419.101172,0.032161,0.000414,77.741577
1419.102344,0.032313,0.000414,78.05011
1419.103516,0.032469,0.000414,78.454071
1419.104687,0.032513,0.000415,78.333664
1419.105859,0.032601,0.000417,78.27021
1419.107031,0.032717,0.000417,78.428871
1419.108203,0.032819,0.000419,78.36116
1419.109375,0.032895,0.000421,78.105995
1419.110547,0.032994,0.000422,78.174767
1419.111719,0.033139,0.000423,78.258957
1419.112891,0.033189,0.000426,77.927513
1419.114063,0.033178,0.000428,77.573799
1419.115234,0.033272,0.000429,77.58313
1419.116406,0.033417,0.000429,77.880089
1419.117578,0.033501,0.000429,78.110298
1419.11875,0.033534,0.00043,77.961693
1419.119922,0.03357,0.000432,77.747124
1419.121094,0.033644,0.000432,77.83007
1419.122266,0.033784,0.000432,78.148766
1419.123437,0.033961,0.000434,78.271339
1419.124609,0.033956,0.000436,77.882225
1419.125781,0.033929,0.000437,77.596832
1419.126953,0.034053,0.000438,77.73011
1419.128125,0.03413,0.00044,77.641304
1419.129297,0.034215,0.000441,77.617233
1419.130469,0.034273,0.000441,77.662422
1419.131641,0.034341,0.000442,77.687103
1419.132812,0.034495,0.000442,78.087624
1419.133984,0.034589,0.000443,78.164215
1419.135156,0.034596,0.000444,77.877365
1419.136328,0.034714,0.000446,77.842804
1419.1375,0.034866,0.000448,77.885612
1419.138672,0.034923,0.000448,77.945984
1419.139844,0.03497,0.000448,77.993027
1419.141016,0.03503,0.000449,77.973831
1419.142187,0.035108,0.00045,78.042496
1419.143359,0.035141,0.00045,78.021477
1419.144531,0.035153,0.000452,77.76429
1419.145703,0.035189,0.000455,77.389267
1419.146875,0.035248,0.000456,77.310959
1419.148047,0.035424,0.000457,77.576431
1419.149219,0.03554,0.000457,77.775711
1419.150391,0.035602,0.000457,77.886101
1419.151562,0.035648,0.000458,77.905083
1419.152734,0.035708,0.000458,77.925323
1419.153906,0.035773,0.000459,77.898056
1419.155078,0.035806,0.00046,77.843071
1419.15625,0.035816,0.000461,77.724411
1419.157422,0.035866,0.000462,77.67189
1419.158594,0.035955,0.000462,77.876137
1419.159766,0.036085,0.000463,77.903473
1419.160938,0.036172,0.000465,77.861351
1419.162109,0.036172,0.000465,77.706444
1419.163281,0.036203,0.000466,77.631493
1419.164453,0.036299,0.000467,77.674263
1419.165625,0.036377,0.000468,77.70565
1419.166797,0.036435,0.000468,77.797096
1419.167969,0.036481,0.000469,77.727119
1419.169141,0.036508,0.000471,77.592888
1419.170312,0.036593,0.000471,77.657707
1419.171484,0.03672,0.000472,77.824028
1419.172656,0.036813,0.000473,77.786613
1419.173828,0.036789,0.000474,77.617783
1419.175,0.036759,0.000475,77.347984
1419.176172,0.036936,0.000476,77.562263
1419.177344,0.037044,0.000476,77.895477
1419.178516,0.036977,0.000476,77.739296
1419.179688,0.037022,0.000478,77.512955
1419.180859,0.037129,0.000478,77.67617
1419.182031,0.037133,0.000477,77.792786
1419.183203,0.037219,0.000479,77.758751
1419.184375,0.037364,0.00048,77.877563
1419.185547,0.03739,0.00048,77.858612
1419.186719,0.037346,0.000481,77.665939
1419.187891,0.037408,0.000482,77.595871
1419.189062,0.037534,0.000483,77.69381
1419.190234,0.037554,0.000484,77.641693
1419.191406,0.037547,0.000483,77.662979
1419.192578,0.037543,0.000484,77.552979
1419.19375,0.037557,0.000485,77.437729
1419.194922,0.037585,0.000486,77.404816
1419.196094,0.037658,0.000486,77.532478
1419.197266,0.037755,0.000486,77.668037
1419.198437,0.037805,0.000486,77.745506
1419.199609,0.037836,0.000487,77.644905
1419.200781,0.037928,0.000489,77.569489
1419.201953,0.038028,0.00049,77.582855
1419.203125,0.038111,0.00049,77.798492
1419.204297,0.038083,0.00049,77.740356
1419.205469,0.037958,0.000491,77.355583
1419.206641,0.037957,0.000491,77.257957
1419.207813,0.038088,0.000492,77.493011
1419.208984,0.038148,0.000492,77.526215
1419.210156,0.038198,0.000493,77.435608
1419.211328,0.038262,0.000493,77.542686
1419.2125,0.038316,0.000494,77.582108
1419.213672,0.038284,0.000495,77.269798
1419.214844,0.038301,0.000496,77.174927
1419.216016,0.038365,0.000495,77.53801
1419.217187,0.038481,0.000494,77.901848
1419.218359,0.038519,0.000496,77.682213
1419.219531,0.038566,0.000497,77.585106
1419.220703,0.038467,0.000498,77.267853
1419.221875,0.038396,0.000498,77.116714
1419.223047,0.038522,0.000498,77.429649
1419.224219,0.038623,0.000497,77.74601
1419.225391,0.038752,0.000498,77.792931
1419.226562,0.038859,0.0005,77.672745
1419.227734,0.038819,0.000501,77.515106
1419.228906,0.038827,0.0005,77.718391
1419.230078,0.038835,0.000499,77.837234
1419.23125,0.03887,0.000499,77.818115
1419.232422,0.038938,0.000501,77.77771
1419.233594,0.038885,0.000502,77.51828
1419.234766,0.038919,0.000502,77.549919
1419.235937,0.038988,0.000502,77.671204
1419.237109,0.038965,0.000503,77.525513
1419.238281,0.039026,0.000503,77.624603
1419.239453,0.039143,0.000503,77.796989
1419.240625,0.03916,0.000504,77.641739
1419.241797,0.039094,0.000504,77.523819
1419.242969,0.039128,0.000504,77.570518
1419.244141,0.039251,0.000504,77.844124
1419.245312,0.039213,0.000505,77.717194
1419.246484,0.039182,0.000505,77.572838
1419.247656,0.039142,0.000506,77.373283
1419.248828,0.038981,0.000506,77.070107
1419.25,0.038979,0.000505,77.142555
1419.251172,0.039134,0.000506,77.280365
1419.252344,0.03915,0.000508,77.055237
1419.253516,0.039128,0.000508,76.997742
1419.254688,0.039183,0.000507,77.222527
1419.255859,0.039213,0.000506,77.460968
1419.257031,0.039315,0.000506,77.672905
1419.258203,0.039452,0.000507,77.859955
1419.259375,0.039377,0.000507,77.610771
1419.260547,0.03929,0.000509,77.218094
1419.261719,0.039353,0.00051,77.158829
1419.262891,0.039397,0.00051,77.321938
1419.264062,0.039389,0.000509,77.435547
1419.265234,0.03937,0.000508,77.533264
1419.266406,0.039348,0.000509,77.376183
1419.267578,0.039407,0.00051,77.252213
1419.26875,0.039524,0.000509,77.575943
1419.269922,0.039571,0.000509,77.705711
1419.271094,0.039567,0.000511,77.503494
1419.272266,0.039559,0.00051,77.596466
1419.273438,0.039518,0.00051,77.55706
1419.274609,0.03941,0.000511,77.174507
1419.275781,0.039465,0.00051,77.405312
1419.276953,0.039502,0.00051,77.493507
1419.278125,0.039509,0.00051,77.433525
1419.279297,0.039527,0.000509,77.632973
1419.280469,0.039538,0.000508,77.783073
1419.281641,0.039528,0.000509,77.651382
1419.282812,0.03953,0.00051,77.539085
1419.283984,0.039527,0.000509,77.583839
1419.285156,0.039493,0.000508,77.719925
1419.286328,0.039493,0.000509,77.52668
1419.2875,0.039532,0.000512,77.273796
1419.288672,0.039562,0.000512,77.335144
1419.289844,0.039616,0.000512,77.43222
1419.291016,0.039619,0.000512,77.353584
1419.292187,0.039649,0.000512,77.480392
1419.293359,0.039664,0.000512,77.465981
1419.294531,0.039504,0.000512,77.167946
1419.295703,0.039498,0.000511,77.267006
1419.296875,0.039513,0.000511,77.277016
1419.298047,0.03952,0.000511,77.379684
1419.299219,0.039525,0.000511,77.350906
1419.300391,0.039536,0.000512,77.284744
1419.301563,0.03961,0.000511,77.529747
1419.302734,0.039688,0.000509,77.932724
1419.303906,0.039644,0.00051,77.662514
1419.305078,0.039515,0.000513,76.997459
1419.30625,0.039544,0.000513,77.139046
1419.307422,0.039704,0.000512,77.605202
1419.308594,0.039768,0.000511,77.792915
1419.309766,0.03966,0.00051,77.700516
1419.310937,0.03961,0.000511,77.450432
1419.312109,0.039581,0.000511,77.385567
1419.313281,0.039589,0.00051,77.697044
1419.314453,0.039617,0.000509,77.873306
1419.315625,0.039549,0.000509,77.658966
1419.316797,0.039458,0.00051,77.319206
1419.317969,0.039452,0.000511,77.204247
1419.319141,0.039502,0.000511,77.376541
1419.320312,0.039592,0.00051,77.702721
1419.321484,0.039569,0.00051,77.627701
1419.322656,0.039503,0.00051,77.424904
1419.323828,0.039455,0.00051,77.383682
1419.325,0.039488,0.00051,77.443848
1419.326172,0.039529,0.000511,77.419182
1419.327344,0.039474,0.000511,77.177994
1419.328516,0.039393,0.000511,77.12471
1419.329687,0.039362,0.000509,77.278206
1419.330859,0.039378,0.000509,77.439529
1419.332031,0.03938,0.000508,77.464088
1419.333203,0.039482,0.000507,77.819519
1419.334375,0.039565,0.000508,77.903587
1419.335547,0.039624,0.000508,77.934158
1419.336719,0.039581,0.000508,77.868279
1419.337891,0.039486,0.000509,77.562874
1419.339062,0.039461,0.000509,77.602402
1419.340234,0.039386,0.000509,77.392342
1419.341406,0.039419,0.00051,77.290535
1419.342578,0.039561,0.00051,77.553413
1419.34375,0.039493,0.000511,77.323845
1419.344922,0.039429,0.000509,77.400497
1419.346094,0.039384,0.000508,77.515152
1419.347266,0.039418,0.000508,77.643707
1419.348438,0.039404,0.000506,77.817917
1419.349609,0.039345,0.000506,77.705643
1419.350781,0.039242,0.000507,77.472801
1419.351953,0.039208,0.000506,77.42701
1419.353125,0.039258,0.000507,77.464386
1419.354297,0.039372,0.000506,77.733788
1419.355469,0.039832,0.000506,78.734261
1419.356641,0.039636,0.000506,78.349403
1419.357812,0.039288,0.000507,77.515205
1419.358984,0.03934,0.000506,77.75782
1419.360156,0.039336,0.000506,77.799515
1419.361328,0.0392,0.000506,77.484108
1419.3625,0.039232,0.000506,77.557968
1419.363672,0.039345,0.000505,77.853485
1419.364844,0.039268,0.000506,77.6791
1419.366016,0.039083,0.000505,77.315643
1419.367188,0.039059,0.000505,77.401474
1419.368359,0.039158,0.000503,77.835747
1419.369531,0.039139,0.000503,77.846222
1419.370703,0.0391,0.000503,77.761848
1419.371875,0.039197,0.000503,77.910751
1419.373047,0.039168,0.000503,77.79615
1419.374219,0.03912,0.000503,77.714745
1419.375391,0.039098,0.000505,77.49472
1419.376562,0.039003,0.000504,77.377411
1419.377734,0.038915,0.000503,77.371712
1419.378906,0.038906,0.000502,77.520943
1419.380078,0.03895,0.000501,77.670197
1419.38125,0.038923,0.000502,77.601006
1419.382422,0.038866,0.000501,77.569733
1419.383594,0.038849,0.000501,77.485008
1419.384766,0.038841,0.000502,77.30201
1419.385937,0.038678,0.000501,77.227554
1419.387109,0.038639,0.000499,77.420601
1419.388281,0.038737,0.000499,77.633537
1419.389453,0.038662,0.000499,77.520821
1419.390625,0.03865,0.000499,77.468216
1419.391797,0.03877,0.000499,77.693802
1419.392969,0.038715,0.0005,77.483521
1419.394141,0.038595,0.0005,77.195648
1419.395313,0.038619,0.000499,77.360359
1419.396484,0.038704,0.000498,77.649063
1419.397656,0.038642,0.000497,77.686356
1419.398828,0.038575,0.000496,77.752563
1419.4,0.038608,0.000496,77.854828
1419.401172,0.03866,0.000496,77.867409
1419.402344,0.038648,0.000497,77.756226
1419.403516,0.038498,0.000497,77.473137
1419.404687,0.038457,0.000496,77.588402
1419.405859,0.038482,0.000495,77.801369
1419.407031,0.038526,0.000494,77.946739
1419.408203,0.038541,0.000494,77.989319
1419.409375,0.0385,0.000495,77.848282
1419.410547,0.038412,0.000495,77.637215
1419.411719,0.038405,0.000495,77.561867
1419.412891,0.038468,0.000495,77.68277
1419.414062,0.038681,0.000497,77.821442
1419.415234,0.03895,0.0005,77.928215
1419.416406,0.038617,0.000497,77.751503
1419.417578,0.038325,0.000493,77.686554
1419.41875,0.038332,0.000492,77.842178
1419.419922,0.038447,0.000493,77.982033
1419.421094,0.038417,0.000493,77.861656
1419.422266,0.038286,0.000493,77.636894
1419.423437,0.038209,0.000492,77.638336
1419.424609,0.038173,0.000491,77.780632
1419.425781,0.038109,0.00049,77.739204
1419.426953,0.038108,0.000491,77.691475
1419.428125,0.038151,0.000491,77.736359
1419.429297,0.038172,0.00049,77.913162
1419.430469,0.03808,0.00049,77.649635
1419.431641,0.038013,0.000491,77.354698
1419.432812,0.037979,0.00049,77.548798
1419.433984,0.038054,0.000488,77.945763
1419.435156,0.038107,0.000489,77.950081
1419.436328,0.038122,0.000488,78.124634
1419.4375,0.038079,0.000487,78.264183
1419.438672,0.038029,0.000487,78.115868
1419.439844,0.038037,0.000487,78.052612
1419.441016,0.037925,0.000487,77.835648
1419.442188,0.037912,0.000487,77.861786
1419.443359,0.037897,0.000486,78.043732
1419.444531,0.03782,0.000485,78.043449
1419.445703,0.037797,0.000485,77.90744
1419.446875,0.03774,0.000485,77.788086
1419.448047,0.03775,0.000484,77.938065
1419.449219,0.037857,0.000485,78.101608
1419.450391,0.037823,0.000486,77.754341
1419.451562,0.037862,0.000487,77.717171
1419.452734,0.037865,0.000486,77.906845
1419.453906,0.037739,0.000484,77.899834
1419.455078,0.03772,0.000484,77.988327
1419.45625,0.037813,0.000484,78.17585
1419.457422,0.037721,0.000485,77.840668
1419.458594,0.03762,0.000485,77.589294
1419.459766,0.037668,0.000485,77.71888
1419.460938,0.037732,0.000484,77.935524
1419.462109,0.037625,0.000483,77.905754
1419.463281,0.037506,0.000483,77.730469
1419.464453,0.037529,0.000482,77.903923
1419.465625,0.037536,0.000481,77.961983
1419.466797,0.037471,0.000481,77.924454
1419.467969,0.03752,0.000481,78.076538
1419.469141,0.037554,0.000481,78.044083
1419.470312,0.03744,0.000481,77.87574
1419.471484,0.037402,0.00048,77.949532
1419.472656,0.037575,0.00048,78.315651
1419.473828,0.038244,0.000488,78.3172
1419.475,0.038951,0.0005,77.920021
1419.476172,0.038066,0.000489,77.851768
1419.477344,0.037322,0.00048,77.711678
1419.478516,0.037164,0.000478,77.737221
1419.479687,0.037177,0.000477,77.962791
1419.480859,0.037146,0.000477,77.809242
1419.482031,0.03719,0.000478,77.774666
1419.483203,0.037263,0.000478,77.920631
1419.484375,0.037181,0.000479,77.690163
1419.485547,0.037083,0.000478,77.529427
1419.486719,0.037024,0.000478,77.5
1419.487891,0.036978,0.000477,77.523857
1419.489063,0.037034,0.000477,77.648911
1419.490234,0.037092,0.000477,77.731033
1419.491406,0.037052,0.000477,77.68084
1419.492578,0.037036,0.000477,77.623566
1419.49375,0.036965,0.000477,77.442558
1419.494922,0.036933,0.000477,77.444191
1419.496094,0.037038,0.000476,77.770775
1419.497266,0.037109,0.000475,78.102364
1419.498437,0.037098,0.000475,78.142578
1419.499609,0.036963,0.000475,77.846588
1419.500781,0.036838,0.000475,77.531197
1419.501953,0.036894,0.000474,77.811073
1419.503125,0.036914,0.000473,77.985115
1419.504297,0.036877,0.000474,77.82383
1419.505469,0.036854,0.000473,77.833824
1419.506641,0.036885,0.000473,78.00145
1419.507812,0.036841,0.000473,77.834091
1419.508984,0.036802,0.000473,77.825447
1419.510156,0.036807,0.000473,77.898094
1419.511328,0.036831,0.000473,77.93647
1419.5125,0.036876,0.000472,78.138168
1419.513672,0.036887,0.000471,78.283081
1419.514844,0.036879,0.000471,78.221046
1419.516016,0.03683,0.000472,78.023529
1419.517187,0.036713,0.000472,77.751595
1419.518359,0.036673,0.00047,78.036163
1419.519531,0.036656,0.000469,78.191711
1419.520703,0.036649,0.00047,77.904091
1419.521875,0.036674,0.000471,77.827202
1419.523047,0.036617,0.00047,77.873917
1419.524219,0.036538,0.00047,77.735046
1419.525391,0.0366,0.000471,77.782646
1419.526562,0.036624,0.000471,77.826912
1419.527734,0.036531,0.00047,77.713669
1419.528906,0.036501,0.000471,77.54615
1419.530078,0.036559,0.000471,77.681831
1419.53125,0.036544,0.000469,77.886246
1419.532422,0.036484,0.000469,77.780151
1419.533594,0.036484,0.00047,77.588387
1419.534766,0.036531,0.00047,77.681381
1419.535938,0.036535,0.000469,77.958168
1419.537109,0.036504,0.000468,78.072487
1419.538281,0.036458,0.000467,77.994453
1419.539453,0.036451,0.000467,78.098625
1419.540625,0.036493,0.000467,78.163788
1419.541797,0.036474,0.000468,77.988152
1419.542969,0.036335,0.000468,77.641174
1419.544141,0.036201,0.000469,77.268585
1419.545312,0.036254,0.00047,77.187584
1419.546484,0.036368,0.00047,77.449783
1419.547656,0.036375,0.000468,77.715652
1419.548828,0.036348,0.000466,77.958641
1419.55,0.036351,0.000467,77.920479
1419.551172,0.036286,0.000467,77.692444
1419.552344,0.03626,0.000467,77.615967
1419.553516,0.036291,0.000468,77.525963
1419.554688,0.036316,0.000468,77.632797
1419.555859,0.036336,0.000466,78.013313
1419.557031,0.036269,0.000465,77.999016
1419.558203,0.036244,0.000465,77.866608
1419.559375,0.0363,0.000467,77.798073
1419.560547,0.036337,0.000467,77.76886
1419.561719,0.036313,0.000468,77.606293
1419.562891,0.036334,0.000467,77.751366
1419.564062,0.036356,0.000466,78.03688
1419.565234,0.03641,0.000465,78.286285
1419.566406,0.036356,0.000465,78.139725
1419.567578,0.036224,0.000466,77.753654
1419.56875,0.036239,0.000466,77.729324
1419.569922,0.036328,0.000466,77.994499
1419.571094,0.03627,0.000464,78.218414
1419.572266,0.036198,0.000463,78.182106
1419.573437,0.036249,0.000464,78.165169
1419.574609,0.036207,0.000464,78.016472
1419.575781,0.036183,0.000464,77.901413
1419.576953,0.036241,0.000465,77.981781
1419.578125,0.036241,0.000464,78.035568
1419.579297,0.036323,0.000463,78.371933
1419.580469,0.036443,0.000464,78.554886
1419.581641,0.036335,0.000465,78.187256
1419.582813,0.036211,0.000465,77.914757
1419.583984,0.036192,0.000464,78.053116
1419.585156,0.036198,0.000464,78.006615
1419.586328,0.036174,0.000465,77.744247
1419.5875,0.036193,0.000465,77.7948
1419.588672,0.036269,0.000464,78.144028
1419.589844,0.036187,0.000464,78.026024
1419.591016,0.036106,0.000465,77.597145
1419.592187,0.036115,0.000465,77.592804
1419.593359,0.036194,0.000464,78.056839
1419.594531,0.036188,0.000462,78.332321
1419.595703,0.036145,0.000463,78.128098
1419.596875,0.036154,0.000465,77.825226
1419.598047,0.036122,0.000466,77.531685
1419.599219,0.036092,0.000465,77.608444
1419.600391,0.036117,0.000464,77.905167
1419.601562,0.036158,0.000463,78.025551
1419.602734,0.03617,0.000463,78.100662
1419.603906,0.036171,0.000463,78.169312
1419.605078,0.036129,0.000463,78.087479
1419.60625,0.036115,0.000463,78.005455
1419.607422,0.036165,0.000462,78.214363
1419.608594,0.036174,0.000463,78.20594
1419.609766,0.036139,0.000464,77.844185
1419.610937,0.03609,0.000466,77.39521
1419.612109,0.036078,0.000466,77.484406
1419.613281,0.036124,0.000464,77.778946
1419.614453,0.036173,0.000465,77.848946
1419.615625,0.03615,0.000463,78.022911
1419.616797,0.036128,0.000463,78.041313
1419.617969,0.036067,0.000463,77.840134
1419.619141,0.036033,0.000463,77.814812
1419.620312,0.036165,0.000463,78.029221
1419.621484,0.036293,0.000464,78.221985
1419.622656,0.036284,0.000463,78.296822
1419.623828,0.036187,0.000464,78.020927
1419.625,0.036119,0.000465,77.595772
1419.626172,0.036158,0.000465,77.720032
1419.627344,0.036217,0.000464,77.976433
1419.628516,0.036127,0.000465,77.706474
1419.629688,0.036063,0.000464,77.761879
1419.630859,0.036097,0.000462,78.06945
1419.632031,0.036161,0.000464,77.955826
1419.633203,0.036278,0.000465,77.985741
1419.634375,0.036247,0.000466,77.867317
1419.635547,0.036093,0.000464,77.756409
1419.636719,0.036085,0.000464,77.769669
1419.637891,0.036235,0.000465,77.876884
1419.639062,0.036321,0.000466,77.979111
1419.640234,0.036373,0.000465,78.230949
1419.641406,0.036411,0.000464,78.397202
1419.642578,0.03638,0.000464,78.32489
1419.64375,0.036291,0.000465,78.035156
1419.644922,0.036311,0.000465,78.029884
1419.646094,0.03628,0.000466,77.918922
1419.647266,0.036225,0.000465,77.955612
1419.648438,0.036182,0.000464,78.048698
1419.649609,0.036249,0.000464,78.17939
1419.650781,0.036288,0.000464,78.137405
1419.651953,0.036324,0.000465,78.079376
1419.653125,0.036324,0.000465,78.074242
1419.654297,0.036332,0.000465,78.060791
1419.655469,0.036315,0.000466,77.939705
1419.656641,0.036304,0.000467,77.673035
1419.657812,0.036379,0.000468,77.71714
1419.658984,0.036357,0.000468,77.693794
1419.660156,0.036291,0.000468,77.625938
1419.661328,0.03634,0.000467,77.890419
1419.6625,0.036364,0.000466,77.999474
1419.663672,0.036397,0.000467,78.002831
1419.664844,0.036435,0.000467,77.952637
1419.666016,0.03638,0.000468,77.80925
1419.667187,0.036326,0.000467,77.704773
1419.668359,0.036349,0.000466,77.985031
1419.669531,0.03637,0.000466,78.046173
1419.670703,0.036361,0.000467,77.887169
1419.671875,0.036349,0.000468,77.709633
1419.673047,0.036365,0.000469,77.591782
1419.674219,0.036368,0.000468,77.675392
1419.675391,0.036425,0.000467,77.923798
1419.676563,0.036434,0.000467,77.992523
1419.677734,0.036477,0.000467,78.180679
1419.678906,0.036494,0.000467,78.169601
1419.680078,0.036559,0.000468,78.04953
1419.68125,0.036583,0.000469,77.956619
1419.682422,0.036491,0.00047,77.679504
1419.683594,0.036462,0.00047,77.602715
1419.684766,0.036555,0.00047,77.839493
1419.685937,0.03662,0.00047,77.990608
1419.687109,0.036566,0.000471,77.689415
1419.688281,0.036618,0.000471,77.803841
1419.689453,0.036707,0.00047,78.170959
1419.690625,0.036698,0.000469,78.167671
1419.691797,0.036703,0.00047,78.033699
1419.692969,0.036817,0.000471,78.144791
1419.694141,0.036882,0.000471,78.337914
1419.695312,0.036845,0.000471,78.172791
1419.696484,0.036771,0.000473,77.8022
1419.697656,0.036767,0.000472,77.856209
1419.698828,0.036776,0.000471,78.024368
1419.7,0.036762,0.000471,77.988487
1419.701172,0.036678,0.000472,77.648529
1419.702344,0.036701,0.000474,77.423424
1419.703516,0.036735,0.000473,77.606331
1419.704687,0.036766,0.000472,77.92749
1419.705859,0.036863,0.000472,78.049477
1419.707031,0.037009,0.000473,78.197632
1419.708203,0.037079,0.000473,78.350792
1419.709375,0.036943,0.000474,77.929649
1419.710547,0.036925,0.000474,77.871979
1419.711719,0.036981,0.000473,78.133636
1419.712891,0.036871,0.000474,77.75898
1419.714062,0.0368,0.000475,77.491135
1419.715234,0.0369,0.000475,77.75872
1419.716406,0.037013,0.000474,78.166443
1419.717578,0.036992,0.000474,78.092072
1419.71875,0.0369,0.000474,77.9161
1419.719922,0.036903,0.000474,77.924355
1419.721094,0.036936,0.000474,77.879082
1419.722266,0.03704,0.000474,78.089455
1419.723438,0.037084,0.000475,78.096252
1419.724609,0.037058,0.000475,78.037895
1419.725781,0.037079,0.000475,78.015968
1419.726953,0.037085,0.000477,77.72773
1419.728125,0.037036,0.000477,77.564941
1419.729297,0.037119,0.000477,77.809547
1419.730469,0.037274,0.000477,78.13752
1419.731641,0.037186,0.000477,77.894562
1419.732812,0.037151,0.000478,77.79538
1419.733984,0.037274,0.000477,78.159531
1419.735156,0.037303,0.000477,78.186523
1419.736328,0.037182,0.000477,77.886108
1419.7375,0.037137,0.000478,77.697815
1419.738672,0.037322,0.000479,77.992722
1419.739844,0.037495,0.00048,78.170189
1419.741016,0.037394,0.000479,78.04274
1419.742188,0.037305,0.000478,78.077141
1419.743359,0.037358,0.000477,78.257118
1419.744531,0.037382,0.000478,78.144234
1419.745703,0.037429,0.00048,77.98893
1419.746875,0.037472,0.000481,77.980865
1419.748047,0.037448,0.000481,77.909714
1419.749219,0.037477,0.000481,77.969856
1419.750391,0.037515,0.000481,77.960701
1419.751562,0.037502,0.000482,77.835159
1419.752734,0.037435,0.00048,77.92144
1419.753906,0.037442,0.000479,78.121819
1419.755078,0.037499,0.000479,78.211754
1419.75625,0.037619,0.00048,78.296982
1419.757422,0.037647,0.000481,78.199661
1419.758594,0.037603,0.000482,77.969131
1419.759766,0.037602,0.000483,77.893723
1419.760937,0.037557,0.000483,77.810005
1419.762109,0.037659,0.000483,77.998726
1419.763281,0.037697,0.000482,78.199242
1419.764453,0.037619,0.000482,78.048798
1419.765625,0.037635,0.000483,77.853195
1419.766797,0.037802,0.000484,78.096687
1419.767969,0.037849,0.000484,78.127808
1419.769141,0.037824,0.000485,77.948891
1419.770313,0.037782,0.000485,77.867188
1419.771484,0.03779,0.000486,77.793686
1419.772656,0.037761,0.000487,77.600655
1419.773828,0.037774,0.000486,77.682205
1419.775,0.037859,0.000486,77.839073
1419.776172,0.038032,0.000487,78.173851
1419.777344,0.037995,0.000487,78.018524
1419.778516,0.037857,0.000486,77.88768
1419.779687,0.037885,0.000486,78.026184
1419.780859,0.038076,0.000488,78.022881
1419.782031,0.03823,0.000489,78.196106
1419.783203,0.038156,0.000488,78.118385
1419.784375,0.03806,0.000488,77.988434
1419.785547,0.038095,0.000489,77.982613
1419.786719,0.0381,0.000489,77.901299
1419.787891,0.038075,0.000489,77.920341
1419.789062,0.037992,0.000489,77.74826
1419.790234,0.037952,0.000489,77.600075
1419.791406,0.038013,0.000489,77.686127
1419.792578,0.038157,0.000488,78.12587
1419.79375,0.038256,0.00049,78.084045
1419.794922,0.038205,0.000492,77.685318
1419.796094,0.038136,0.000492,77.453789
1419.797266,0.038171,0.000491,77.707237
1419.798437,0.038224,0.000489,78.129593
1419.799609,0.038173,0.00049,77.949516
1419.800781,0.038216,0.000492,77.731468
1419.801953,0.038309,0.000492,77.873917
1419.803125,0.038426,0.000492,78.179344
1419.804297,0.038436,0.000491,78.218941
1419.805469,0.038388,0.000492,78.085472
1419.806641,0.03838,0.000493,77.834618
1419.807812,0.038466,0.000493,78.012215
1419.808984,0.038492,0.000492,78.298019
1419.810156,0.038431,0.000492,78.18222
1419.811328,0.038453,0.000491,78.268158
1419.8125,0.038546,0.000492,78.384483
1419.813672,0.038579,0.000493,78.190056
1419.814844,0.038476,0.000494,77.92643
1419.816016,0.03845,0.000494,77.866508
1419.817188,0.03851,0.000494,77.974335
1419.818359,0.038556,0.000495,77.916931
1419.819531,0.038558,0.000496,77.815186
1419.820703,0.038565,0.000494,78.022774
1419.821875,0.038577,0.000493,78.173233
1419.823047,0.03855,0.000494,78.072121
1419.824219,0.038589,0.000496,77.810074
1419.825391,0.038675,0.000497,77.842606
1419.826562,0.038753,0.000496,78.099586
1419.827734,0.038748,0.000497,78.021217
1419.828906,0.038699,0.000497,77.890656
1419.830078,0.038704,0.000498,77.731819
1419.83125,0.038782,0.000498,77.812531
1419.832422,0.03877,0.000498,77.791542
1419.833594,0.038719,0.000498,77.695023
1419.834766,0.038658,0.000498,77.636604
1419.835938,0.03874,0.000498,77.74868
1419.837109,0.038851,0.000499,77.913055
1419.838281,0.038816,0.000499,77.751671
1419.839453,0.038716,0.0005,77.503746
1419.840625,0.038671,0.000499,77.42749
1419.841797,0.038818,0.000499,77.761513
1419.842969,0.039043,0.0005,78.161346
1419.844141,0.039012,0.0005,77.968544
1419.845312,0.038925,0.0005,77.836777
1419.846484,0.038901,0.0005,77.810822
1419.847656,0.038936,0.0005,77.832634
1419.848828,0.038875,0.000501,77.657211
1419.85,0.038901,0.000501,77.652451
1419.851172,0.038994,0.000501,77.81414
1419.852344,0.039065,0.000501,78.009094
1419.853516,0.03908,0.000501,77.926613
1419.854687,0.039111,0.000503,77.798706
1419.855859,0.039136,0.000503,77.845306
1419.857031,0.039089,0.000503,77.684235
1419.858203,0.039028,0.000503,77.624863
1419.859375,0.038978,0.000502,77.693306
1419.860547,0.038972,0.000502,77.61039
1419.861719,0.039012,0.000503,77.597603
1419.862891,0.03912,0.000504,77.617363
1419.864063,0.039197,0.000503,77.855637
1419.865234,0.039251,0.000502,78.127487
1419.866406,0.039319,0.000503,78.145668
1419.867578,0.039322,0.000504,78.095177
1419.86875,0.039347,0.000505,77.986877
1419.869922,0.039336,0.000506,77.794609
1419.871094,0.039267,0.000506,77.552711
1419.872266,0.039261,0.000507,77.469315
1419.873437,0.039236,0.000506,77.596748
1419.874609,0.03923,0.000505,77.718384
1419.875781,0.039268,0.000506,77.60524
1419.876953,0.039295,0.000507,77.507469
1419.878125,0.039298,0.000506,77.635132
1419.879297,0.039292,0.000505,77.765541
1419.880469,0.039317,0.000504,77.948898
1419.881641,0.039287,0.000505,77.86055
1419.882812,0.039204,0.000507,77.331223
1419.883984,0.039357,0.000509,77.346855
1419.885156,0.039527,0.000508,77.764938
1419.886328,0.039585,0.000507,78.043922
1419.8875,0.039564,0.000507,77.987717
1419.888672,0.03952,0.000508,77.763504
1419.889844,0.039478,0.000508,77.704597
1419.891016,0.03945,0.000508,77.636902
1419.892187,0.039559,0.000508,77.872055
1419.893359,0.039606,0.000508,78.037552
1419.894531,0.039656,0.000506,78.3283
1419.895703,0.039607,0.000507,78.147873
1419.896875,0.039551,0.000508,77.902634
1419.898047,0.039576,0.000507,78.044945
1419.899219,0.039668,0.000507,78.284424
1419.900391,0.039773,0.000507,78.392273
1419.901562,0.039766,0.00051,77.945961
1419.902734,0.039821,0.000512,77.851303
1419.903906,0.03976,0.000509,78.039467
1419.905078,0.039735,0.000509,78.039215
1419.90625,0.03976,0.000509,78.090866
1419.907422,0.039654,0.000509,77.87542
1419.908594,0.039709,0.000511,77.764847
1419.909766,0.039705,0.000512,77.556725
1419.910938,0.039669,0.000511,77.601875
1419.912109,0.039706,0.00051,77.915276
1419.913281,0.039705,0.00051,77.79216
1419.914453,0.039755,0.000511,77.872086
1419.915625,0.039873,0.00051,78.225174
1419.916797,0.039947,0.00051,78.26194
1419.917969,0.039989,0.000512,78.114754
1419.919141,0.039908,0.000513,77.803749
1419.920312,0.039915,0.000513,77.865021
1419.921484,0.039971,0.000511,78.206398
1419.922656,0.04004,0.000511,78.369095
1419.923828,0.039938,0.000511,78.156891
1419.925,0.039824,0.00051,78.089264
1419.926172,0.03982,0.000511,77.979645
1419.927344,0.039892,0.000512,77.93174
1419.928516,0.039852,0.000511,77.92054
1419.929688,0.039762,0.000512,77.63829
1419.930859,0.039808,0.000514,77.459717
1419.932031,0.039941,0.000514,77.762192
1419.933203,0.04001,0.000514,77.787216
1419.934375,0.039955,0.000515,77.566925
1419.935547,0.039857,0.000515,77.396484
1419.936719,0.03983,0.000515,77.272263
1419.937891,0.03988,0.000515,77.423256
1419.939062,0.039946,0.000513,77.830254
1419.940234,0.039941,0.000512,77.964996
1419.941406,0.03997,0.000513,77.83847
1419.942578,0.039953,0.000515,77.596855
1419.94375,0.039923,0.000515,77.570839
1419.944922,0.039924,0.000515,77.518494
1419.946094,0.039978,0.000515,77.679787
1419.947266,0.040017,0.000514,77.916084
1419.948437,0.040006,0.000514,77.860077
1419.949609,0.040015,0.000515,77.694382
1419.950781,0.040021,0.000515,77.759239
1419.951953,0.039932,0.000513,77.816315
1419.953125,0.039927,0.000513,77.892982
1419.954297,0.040026,0.000513,78.011772
1419.955469,0.039991,0.000513,77.906769
1419.956641,0.039988,0.000514,77.805702
1419.957813,0.039988,0.000514,77.765732
1419.958984,0.039986,0.000514,77.807457
1419.960156,0.040012,0.000514,77.84037
1419.961328,0.040133,0.000515,77.951889
1419.9625,0.040175,0.000514,78.118111
1419.963672,0.040047,0.000514,77.891403
1419.964844,0.039981,0.000514,77.810295
1419.966016,0.039893,0.000513,77.720596
1419.967187,0.039874,0.000514,77.525871
1419.968359,0.040012,0.000515,77.637299
1419.969531,0.040109,0.000515,77.832443
1419.970703,0.040145,0.000515,77.944321
1419.971875,0.040107,0.000514,78.047592
1419.973047,0.040024,0.000513,77.978691
1419.974219,0.03995,0.000514,77.786598
1419.975391,0.039943,0.000514,77.646034
1419.976562,0.039993,0.000514,77.749855
1419.977734,0.03999,0.000514,77.816505
1419.978906,0.040015,0.000513,77.941536
1419.980078,0.040039,0.000514,77.906532
1419.98125,0.039965,0.000514,77.70417
1419.982422,0.039968,0.000515,77.588234
1419.983594,0.040032,0.000516,77.526527
1419.984766,0.040006,0.000516,77.484306
1419.985937,0.040032,0.000515,77.712845
1419.987109,0.040157,0.000514,78.098297
1419.988281,0.040079,0.000513,78.103577
1419.989453,0.040012,0.000513,77.930588
1419.990625,0.040068,0.000514,77.962662
1419.991797,0.040157,0.000514,78.079178
1419.992969,0.040275,0.000515,78.277267
1419.994141,0.040181,0.000514,78.112335
1419.995312,0.040051,0.000515,77.758018
1419.996484,0.040032,0.000516,77.645126
1419.997656,0.039975,0.000514,77.739685
1419.998828,0.040002,0.000515,77.657799
1420,0.040025,0.000518,77.336662
1420.001172,0.040024,0.000515,77.733955
1420.002344,0.040027,0.000514,77.913246
1420.003516,0.040013,0.000513,77.947556
1420.004688,0.040018,0.000512,78.18663
1420.005859,0.040013,0.000511,78.302338
1420.007031,0.040002,0.000512,78.186859
1420.008203,0.039963,0.000511,78.261734
1420.009375,0.039954,0.00051,78.289368
1420.010547,0.039994,0.000511,78.327606
1420.011719,0.040088,0.000511,78.435219
1420.012891,0.040129,0.000512,78.30471
1420.014062,0.040111,0.000513,78.151421
1420.015234,0.040001,0.000513,77.985756
1420.016406,0.039925,0.000513,77.834023
1420.017578,0.039911,0.000513,77.791466
1420.01875,0.039938,0.000513,77.920616
1420.019922,0.039945,0.000512,78.043449
1420.021094,0.039876,0.000512,77.85067
1420.022266,0.039803,0.000511,77.880371
1420.023438,0.039869,0.000511,78.075279
1420.024609,0.039902,0.000511,78.068085
1420.025781,0.039942,0.000512,78.083076
1420.026953,0.039983,0.000512,78.104881
1420.028125,0.03996,0.000512,77.980003
1420.029297,0.039906,0.000513,77.856712
1420.030469,0.039938,0.000513,77.910378
1420.031641,0.039876,0.000513,77.780815
1420.032812,0.039846,0.000512,77.835518
1420.033984,0.039914,0.000511,78.088928
1420.035156,0.03992,0.000512,77.966675
1420.036328,0.039884,0.000513,77.759018
1420.0375,0.039954,0.000512,77.985748
1420.038672,0.039879,0.000512,77.957565
1420.039844,0.039742,0.000511,77.789017
1420.041016,0.039757,0.000511,77.762886
1420.042187,0.039789,0.000511,77.888367
1420.043359,0.039721,0.000509,77.991776
1420.044531,0.039692,0.000509,77.915825
1420.045703,0.039688,0.00051,77.869156
1420.046875,0.039676,0.000508,78.027504
1420.048047,0.039741,0.000507,78.327263
1420.049219,0.039755,0.000509,78.175003
1420.050391,0.039678,0.00051,77.858391
1420.051563,0.039555,0.00051,77.590286
1420.052734,0.039608,0.000509,77.849525
1420.053906,0.039683,0.000508,78.147209
1420.055078,0.039676,0.000508,78.095772
1420.05625,0.039681,0.000508,78.07753
1420.057422,0.039683,0.000507,78.241348
1420.058594,0.039614,0.000506,78.268127
1420.059766,0.039635,0.000507,78.222672
1420.060937,0.039723,0.000508,78.252609
1420.062109,0.039714,0.000508,78.183525
1420.063281,0.039581,0.000508,77.972748
1420.064453,0.039494,0.000506,78.03521
1420.065625,0.039514,0.000505,78.251747
1420.066797,0.039547,0.000506,78.227562
1420.067969,0.039416,0.000505,78.097939
1420.069141,0.039331,0.000504,78.074997
1420.070312,0.039437,0.000504,78.202995
1420.071484,0.039505,0.000505,78.255913
1420.072656,0.039433,0.000505,78.12944
1420.073828,0.039426,0.000505,78.096497
1420.075,0.0394,0.000505,77.947327
1420.076172,0.039347,0.000505,77.910851
1420.077344,0.039444,0.000504,78.188637
1420.078516,0.039491,0.000504,78.309685
1420.079687,0.03941,0.000503,78.297974
1420.080859,0.039368,0.000502,78.425018
1420.082031,0.039369,0.000502,78.403496
1420.083203,0.039332,0.000503,78.188843
1420.084375,0.039218,0.000503,77.922836
1420.085547,0.039181,0.000504,77.761681
1420.086719,0.039235,0.000503,77.926758
1420.087891,0.039241,0.000503,77.989204
1420.089062,0.039164,0.000503,77.870735
1420.090234,0.039118,0.000502,77.914352
1420.091406,0.039102,0.000501,78.111748
1420.092578,0.039086,0.0005,78.198959
1420.09375,0.039028,0.0005,78.086517
1420.094922,0.039054,0.0005,78.069672
1420.096094,0.039111,0.000501,78.045723
1420.097266,0.039081,0.000501,77.947159
1420.098438,0.039022,0.0005,78.069115
1420.099609,0.038985,0.0005,78.038536
1420.100781,0.038973,0.000499,78.065453
1420.101953,0.038983,0.000499,78.17437
1420.103125,0.03904,0.000499,78.256325
1420.104297,0.038996,0.000498,78.252022
1420.105469,0.038905,0.000498,78.159866
1420.106641,0.038955,0.000497,78.34816
1420.107812,0.038946,0.000497,78.283936
1420.108984,0.038905,0.000497,78.206383
1420.110156,0.038881,0.000497,78.300117
1420.111328,0.038779,0.000494,78.434555
1420.1125,0.038711,0.000495,78.212181
1420.113672,0.038698,0.000497,77.837532
1420.114844,0.038794,0.000496,78.208717
1420.116016,0.038877,0.000495,78.586746
1420.117188,0.0389,0.000494,78.682266
1420.118359,0.038879,0.000494,78.735634
1420.119531,0.038815,0.000495,78.420166
1420.120703,0.038704,0.000495,78.13369
1420.121875,0.038654,0.000494,78.271477
1420.123047,0.038654,0.000493,78.475342
1420.124219,0.038613,0.000494,78.198059
1420.125391,0.038612,0.000495,77.9561
1420.126562,0.038611,0.000496,77.917084
1420.127734,0.038538,0.000494,77.946991
1420.128906,0.03837,0.000493,77.750778
1420.130078,0.038341,0.000494,77.685013
1420.13125,0.038448,0.000493,77.955917
1420.132422,0.038498,0.000492,78.31517
1420.133594,0.038496,0.000491,78.444878
1420.134766,0.038541,0.000492,78.368179
1420.135937,0.038511,0.000493,78.185776
1420.137109,0.038363,0.000491,78.107101
1420.138281,0.038283,0.00049,78.127052
1420.139453,0.03832,0.00049,78.138931
1420.140625,0.038317,0.00049,78.253708
1420.141797,0.038305,0.000488,78.43383
1420.142969,0.038284,0.000488,78.417915
1420.144141,0.038262,0.000488,78.395721
1420.145313,0.038241,0.000488,78.364182
1420.146484,0.03813,0.000488,78.098022
1420.147656,0.0381,0.000488,78.090996
1420.148828,0.038066,0.000487,78.125259
1420.15,0.038071,0.000487,78.141876
1420.151172,0.03805,0.000487,78.162041
1420.152344,0.038063,0.000485,78.409668
1420.153516,0.038068,0.000485,78.520691
1420.154687,0.038013,0.000486,78.283607
1420.155859,0.038041,0.000485,78.377747
1420.157031,0.038039,0.000485,78.403862
1420.158203,0.038003,0.000485,78.317444
1420.159375,0.03792,0.000486,78.091682
1420.160547,0.037813,0.000485,77.921394
1420.161719,0.037769,0.000485,77.798042
1420.162891,0.037801,0.000485,77.931313
1420.164062,0.037787,0.000482,78.345413
1420.165234,0.037701,0.000482,78.247536
1420.166406,0.037606,0.000483,77.914612
1420.167578,0.037636,0.000481,78.172615
1420.16875,0.037725,0.000481,78.389374
1420.169922,0.037773,0.000481,78.469017
1420.171094,0.037696,0.000481,78.301323
1420.172266,0.037583,0.000481,78.056839
1420.173437,0.037678,0.00048,78.518402
1420.174609,0.037774,0.000478,78.989326
1420.175781,0.03772,0.000479,78.814049
1420.176953,0.037674,0.000479,78.678764
1420.178125,0.03756,0.000478,78.578606
1420.179297,0.037512,0.000477,78.574303
1420.180469,0.037548,0.000477,78.699646
1420.181641,0.037522,0.000477,78.5914
1420.182812,0.037421,0.000477,78.495789
1420.183984,0.037342,0.000475,78.653801
1420.185156,0.037352,0.000475,78.669281
1420.186328,0.03738,0.000476,78.593071
1420.1875,0.037361,0.000476,78.454247
1420.188672,0.037311,0.000476,78.452469
1420.189844,0.037205,0.000475,78.321907
1420.191016,0.03716,0.000475,78.268593
1420.192188,0.037196,0.000474,78.550354
1420.193359,0.03714,0.000473,78.538521
1420.194531,0.037073,0.000472,78.480225
1420.195703,0.037052,0.000472,78.574158
1420.196875,0.03708,0.000473,78.476311
1420.198047,0.037217,0.000475,78.296898
1420.199219,0.037238,0.000478,77.903458
1420.200391,0.037099,0.000479,77.46006
1420.201562,0.036921,0.000475,77.673164
1420.202734,0.036908,0.000472,78.156265
1420.203906,0.037017,0.000472,78.414917
1420.205078,0.036965,0.000471,78.420403
1420.20625,0.036918,0.000471,78.41024
1420.207422,0.036962,0.000471,78.429443
1420.208594,0.036874,0.000471,78.358002
1420.209766,0.036851,0.00047,78.438843
1420.210938,0.036814,0.000471,78.215378
1420.212109,0.036751,0.000472,77.899719
1420.213281,0.036828,0.00047,78.319992
1420.214453,0.036814,0.000468,78.5942
1420.215625,0.036716,0.000467,78.5709
1420.216797,0.036727,0.000468,78.523529
1420.217969,0.036752,0.000468,78.588043
1420.219141,0.036692,0.000468,78.425156
1420.220312,0.036661,0.000469,78.228798
1420.221484,0.036629,0.00047,77.950813
1420.222656,0.036595,0.000469,77.95504
1420.223828,0.036591,0.000467,78.329201
1420.225,0.036577,0.000466,78.522659
1420.226172,0.036473,0.000464,78.524368
1420.227344,0.036429,0.000464,78.500023
1420.228516,0.036495,0.000465,78.474556
1420.229687,0.036515,0.000465,78.532204
1420.230859,0.036468,0.000464,78.51342
1420.232031,0.036422,0.000464,78.55275
1420.233203,0.03642,0.000463,78.627518
1420.234375,0.036439,0.000463,78.710312
1420.235547,0.036365,0.000462,78.729126
1420.236719,0.036221,0.000461,78.562019
1420.237891,0.03618,0.000462,78.300812
1420.239063,0.036256,0.000463,78.289246
1420.240234,0.036228,0.000463,78.162788
1420.241406,0.03617,0.000462,78.23555
1420.242578,0.036147,0.000462,78.311806
1420.24375,0.036046,0.000461,78.122391
1420.244922,0.036002,0.00046,78.2006
1420.246094,0.03606,0.00046,78.321869
1420.247266,0.036101,0.000461,78.347336
1420.248437,0.036074,0.00046,78.3414
1420.249609,0.036014,0.00046,78.22641
1420.250781,0.035952,0.00046,78.192726
1420.251953,0.035948,0.000459,78.362885
1420.253125,0.035866,0.000458,78.268875
1420.254297,0.035803,0.000458,78.208107
1420.255469,0.035804,0.000458,78.190483
1420.256641,0.03578,0.000458,78.204567
1420.257812,0.035715,0.000458,78.043533
1420.258984,0.035693,0.000458,77.993408
1420.260156,0.035668,0.000457,78.014313
1420.261328,0.035694,0.000457,78.17865
1420.2625,0.035805,0.000456,78.494774
1420.263672,0.035751,0.000456,78.405716
1420.264844,0.03572,0.000456,78.295044
1420.266016,0.035684,0.000455,78.429924
1420.267187,0.035621,0.000454,78.526009
1420.268359,0.035697,0.000454,78.703339
1420.269531,0.035678,0.000454,78.644485
1420.270703,0.035606,0.000453,78.51548
1420.271875,0.035596,0.000453,78.573059
1420.273047,0.035601,0.000452,78.743256
1420.274219,0.035583,0.000451,78.821136
1420.275391,0.035571,0.000452,78.684059
1420.276562,0.035524,0.000453,78.368538
1420.277734,0.035414,0.000453,78.136353
1420.278906,0.035381,0.000453,78.172012
1420.280078,0.035422,0.000452,78.293251
1420.28125,0.035445,0.000452,78.360428
1420.282422,0.035395,0.000451,78.464775
1420.283594,0.035327,0.00045,78.560516
1420.284766,0.035421,0.000449,78.831009
1420.285938,0.035496,0.000451,78.695297
1420.287109,0.035466,0.000451,78.602341
1420.288281,0.035466,0.000451,78.72551
1420.289453,0.035364,0.00045,78.604134
1420.290625,0.035271,0.000449,78.603401
1420.291797,0.035294,0.000449,78.634315
1420.292969,0.03529,0.00045,78.419792
1420.294141,0.035274,0.00045,78.447807
1420.295312,0.035194,0.000449,78.307159
1420.296484,0.03516,0.00045,78.182587
1420.297656,0.03513,0.000449,78.161217
1420.298828,0.035122,0.000447,78.503761
1420.3,0.035222,0.000446,78.994797
1420.301172,0.035265,0.000446,78.986557
1420.302344,0.035186,0.000447,78.745049
1420.303516,0.035154,0.000447,78.721672
1420.304688,0.035128,0.000447,78.582634
1420.305859,0.035028,0.000448,78.26519
1420.307031,0.034959,0.000447,78.195465
1420.308203,0.034875,0.000447,78.07695
1420.309375,0.034827,0.000447,77.985329
1420.310547,0.034896,0.000446,78.166763
1420.311719,0.034978,0.000447,78.316322
1420.312891,0.035036,0.000446,78.499146
1420.314062,0.035044,0.000446,78.62664
1420.315234,0.035062,0.000446,78.678009
1420.316406,0.035056,0.000445,78.746315
1420.317578,0.035021,0.000445,78.782471
1420.31875,0.035005,0.000444,78.885086
1420.319922,0.034881,0.000443,78.715576
1420.321094,0.034796,0.000444,78.436836
1420.322266,0.034793,0.000444,78.383347
1420.323437,0.034939,0.000443,78.849762
1420.324609,0.034999,0.000443,79.080536
1420.325781,0.034892,0.000443,78.845177
1420.326953,0.034834,0.000443,78.708092
1420.328125,0.034856,0.000443,78.660698
1420.329297,0.034892,0.000443,78.699287
1420.330469,0.034896,0.000444,78.58989
1420.331641,0.034847,0.000444,78.562836
1420.332813,0.034736,0.000443,78.395988
1420.333984,0.034717,0.000442,78.502983
1420.335156,0.034788,0.000441,78.814789
1420.336328,0.034788,0.000441,78.814499
1420.3375,0.034827,0.000442,78.811638
1420.338672,0.034905,0.000442,79.019478
1420.339844,0.034827,0.000441,78.885109
1420.341016,0.034723,0.000442,78.555161
1420.342187,0.034697,0.000443,78.403
1420.343359,0.034708,0.000443,78.43528
1420.344531,0.034832,0.000442,78.803413
1420.345703,0.034925,0.000441,79.126549
1420.346875,0.034882,0.000441,79.157211
1420.348047,0.034755,0.000441,78.744888
1420.349219,0.034715,0.000441,78.701256
1420.350391,0.034769,0.00044,79.081306
1420.351562,0.034837,0.00044,79.260445
1420.352734,0.034909,0.00044,79.386986
1420.353906,0.034915,0.00044,79.283424
1420.355078,0.034891,0.00044,79.23513
1420.35625,0.034892,0.00044,79.283569
1420.357422,0.034884,0.00044,79.282127
1420.358594,0.034945,0.000439,79.566292
1420.359766,0.034938,0.000438,79.681564
1420.360937,0.034885,0.000439,79.524345
1420.362109,0.034916,0.000439,79.58429
1420.363281,0.034975,0.000439,79.700958
1420.364453,0.034984,0.000439,79.654755
1420.365625,0.034979,0.000439,79.619728
1420.366797,0.035064,0.00044,79.756096
1420.367969,0.035103,0.000439,79.940048
1420.369141,0.035081,0.000439,79.996262
1420.370312,0.035086,0.000439,79.862556
1420.371484,0.035056,0.000439,79.802017
1420.372656,0.03507,0.000439,79.960693
1420.373828,0.035088,0.000438,80.176971
1420.375,0.035128,0.000437,80.369774
1420.376172,0.035185,0.000437,80.570961
1420.377344,0.035233,0.000437,80.652275
1420.378516,0.035276,0.000437,80.664963
1420.379688,0.035416,0.000436,81.14119
1420.380859,0.035509,0.000437,81.324409
1420.382031,0.035491,0.000438,81.069092
1420.383203,0.035535,0.000438,81.074585
1420.384375,0.035609,0.000438,81.375473
1420.385547,0.035582,0.000437,81.49086
1420.386719,0.035558,0.000436,81.520164
1420.387891,0.035586,0.000435,81.733704
1420.389062,0.035656,0.000435,81.977539
1420.390234,0.035752,0.000436,82.060913
1420.391406,0.035818,0.000437,81.916298
1420.392578,0.035834,0.000438,81.812653
1420.39375,0.035759,0.000437,81.792
1420.394922,0.035696,0.000437,81.728767
1420.396094,0.035761,0.000437,81.833321
1420.397266,0.035817,0.000436,82.086212
1420.398438,0.035756,0.000436,81.952148
1420.399609,0.035785,0.000437,81.866783
1420.400781,0.035718,0.000437,81.685257
1420.401953,0.035639,0.000437,81.48613
1420.403125,0.035787,0.000437,81.917931
1420.404297,0.035935,0.000438,82.087486
1420.405469,0.036006,0.000439,81.978157
1420.406641,0.035958,0.000439,81.972778
1420.407812,0.035934,0.000438,82.041771
1420.408984,0.035864,0.000439,81.759918
1420.410156,0.035846,0.000439,81.569
1420.411328,0.035899,0.000439,81.754593
1420.4125,0.035907,0.000438,82.01812
1420.413672,0.035912,0.000436,82.359917
1420.414844,0.035835,0.000436,82.255905
1420.416016,0.035781,0.000437,81.928749
1420.417187,0.035823,0.000438,81.790207
1420.418359,0.035873,0.000438,81.888466
1420.419531,0.035848,0.000437,81.957077
1420.420703,0.035816,0.000438,81.78524
1420.421875,0.03591,0.000439,81.828934
1420.423047,0.035971,0.000439,82.011986
1420.424219,0.035984,0.000438,82.10553
1420.425391,0.03598,0.000439,82.012688
1420.426563,0.035981,0.000438,82.143059
1420.427734,0.035993,0.000438,82.187805
1420.428906,0.036023,0.000439,82.046066
1420.430078,0.036017,0.000439,81.990417
1420.43125,0.036043,0.000438,82.342674
1420.432422,0.036052,0.000437,82.421959
1420.433594,0.036016,0.000439,82.106323
1420.434766,0.036119,0.000438,82.405685
1420.435937,0.036215,0.000438,82.732742
1420.437109,0.036237,0.000438,82.671135
1420.438281,0.036207,0.000439,82.516983
1420.439453,0.036143,0.000439,82.323982
1420.440625,0.036073,0.00044,81.933815
1420.441797,0.036117,0.00044,82.085777
1420.442969,0.036194,0.000438,82.602112
1420.444141,0.036189,0.000438,82.700317
1420.445312,0.036167,0.000439,82.411972
1420.446484,0.036233,0.000441,82.233269
1420.447656,0.036358,0.00044,82.544044
1420.448828,0.036412,0.00044,82.823166
1420.45,0.036356,0.00044,82.667152
1420.451172,0.036338,0.00044,82.547493
1420.452344,0.036347,0.000441,82.477959
1420.453516,0.036297,0.000441,82.311516
1420.454687,0.036321,0.000442,82.224312
1420.455859,0.036381,0.000442,82.223877
1420.457031,0.036413,0.000442,82.462105
1420.458203,0.036385,0.000441,82.458344
1420.459375,0.036394,0.000442,82.371788
1420.460547,0.036329,0.000442,82.181778
1420.461719,0.03625,0.000442,82.079971
1420.462891,0.036234,0.000441,82.095276
1420.464062,0.03622,0.000442,81.882416
1420.465234,0.036244,0.000443,81.865952
1420.466406,0.036191,0.000442,81.820702
1420.467578,0.036118,0.000441,81.867958
1420.46875,0.03623,0.000441,82.244446
1420.469922,0.036333,0.000442,82.291466
1420.471094,0.036314,0.000442,82.179436
1420.472266,0.036191,0.000441,82.024689
1420.473438,0.036102,0.000442,81.666344
1420.474609,0.036182,0.000441,82.005127
1420.475781,0.036262,0.00044,82.33931
1420.476953,0.036204,0.000441,82.082237
1420.478125,0.036118,0.000441,81.825127
1420.479297,0.036145,0.000442,81.730728
1420.480469,0.036144,0.000443,81.617561
1420.481641,0.036125,0.000443,81.521126
1420.482812,0.036185,0.000443,81.711105
1420.483984,0.036268,0.000443,81.880943
1420.485156,0.03626,0.000443,81.854248
1420.486328,0.036177,0.000442,81.778664
1420.4875,0.036117,0.000442,81.70153
1420.488672,0.0361,0.000442,81.587502
1420.489844,0.036137,0.000443,81.579742
1420.491016,0.036006,0.000443,81.234703
1420.492188,0.035915,0.000444,80.972168
1420.493359,0.03591,0.000443,81.016762
1420.494531,0.035913,0.000444,80.860016
1420.495703,0.035984,0.000445,80.952446
1420.496875,0.036035,0.000443,81.286674
1420.498047,0.036111,0.000443,81.498611
1420.499219,0.036062,0.000444,81.295464
1420.500391,0.036001,0.000443,81.308464
1420.501562,0.035974,0.000442,81.364403
1420.502734,0.036011,0.000444,81.194557
1420.503906,0.036019,0.000445,80.901085
1420.505078,0.036023,0.000445,80.876968
1420.50625,0.035975,0.000445,80.77462
1420.507422,0.035909,0.000446,80.567169
1420.508594,0.035843,0.000446,80.29406
1420.509766,0.035887,0.000446,80.460167
1420.510937,0.035928,0.000445,80.718048
1420.512109,0.035838,0.000445,80.515106
1420.513281,0.035825,0.000445,80.477821
1420.514453,0.035896,0.000446,80.565536
1420.515625,0.035952,0.000446,80.616737
1420.516797,0.03592,0.000446,80.493866
1420.517969,0.035923,0.000446,80.50666
1420.519141,0.035912,0.000445,80.655891
1420.520313,0.035865,0.000446,80.500313
1420.521484,0.035814,0.000447,80.158813
1420.522656,0.035828,0.000447,80.066597
1420.523828,0.035897,0.000447,80.297836
1420.525,0.035939,0.000447,80.392662
1420.526172,0.035859,0.000448,79.997635
1420.527344,0.0358,0.000449,79.678978
1420.528516,0.035767,0.000449,79.58567
1420.529687,0.035814,0.000448,79.986153
1420.530859,0.035841,0.000447,80.144722
1420.532031,0.03587,0.000448,80.149429
1420.533203,0.035889,0.000448,80.066803
1420.534375,0.035922,0.00045,79.83075
1420.535547,0.035905,0.000451,79.642731
1420.536719,0.0359,0.00045,79.858742
1420.537891,0.035903,0.000449,79.969711
1420.539062,0.03585,0.000449,79.832985
1420.540234,0.035837,0.000449,79.860275
1420.541406,0.035823,0.000449,79.826775
1420.542578,0.035826,0.000448,79.920319
1420.54375,0.035797,0.000449,79.804024
1420.544922,0.035735,0.00045,79.500214
1420.546094,0.035775,0.00045,79.571548
1420.547266,0.035881,0.00045,79.761482
1420.548437,0.035806,0.000451,79.441246
1420.549609,0.035724,0.000451,79.19825
1420.550781,0.035835,0.000451,79.437698
1420.551953,0.036054,0.000452,79.846451
1420.553125,0.036122,0.000452,79.903008
1420.554297,0.035981,0.000453,79.45591
1420.555469,0.035851,0.000453,79.134277
1420.556641,0.035837,0.000452,79.25634
1420.557812,0.035876,0.000451,79.471306
1420.558984,0.035953,0.000452,79.469147
1420.560156,0.036038,0.000454,79.423386
1420.561328,0.036025,0.000455,79.257042
1420.5625,0.035958,0.000455,78.953621
1420.563672,0.035966,0.000455,78.97123
1420.564844,0.036005,0.000456,79.032066
1420.566016,0.03603,0.000456,79.095245
1420.567188,0.036066,0.000456,79.089149
1420.568359,0.036105,0.000456,79.136238
1420.569531,0.036074,0.000455,79.208145
1420.570703,0.036077,0.000455,79.233322
1420.571875,0.036091,0.000456,79.226471
1420.573047,0.036016,0.000456,78.963188
1420.574219,0.03603,0.000457,78.861984
1420.575391,0.036183,0.000457,79.224358
1420.576562,0.036172,0.000457,79.160835
1420.577734,0.036116,0.000457,79.03257
1420.578906,0.0361,0.000458,78.861076
1420.580078,0.036169,0.000458,78.900131
1420.58125,0.036232,0.000459,79.02166
1420.582422,0.036157,0.000459,78.84951
1420.583594,0.036002,0.000458,78.522377
1420.584766,0.036046,0.000458,78.665276
1420.585938,0.036261,0.000458,79.099052
1420.587109,0.036409,0.000459,79.243874
1420.588281,0.036358,0.00046,79.011765
1420.589453,0.036335,0.00046,79.009903
1420.590625,0.036351,0.000459,79.146667
1420.591797,0.036358,0.000459,79.167274
1420.592969,0.0363,0.000459,79.017372
1420.594141,0.036353,0.00046,79.075958
1420.595312,0.036371,0.00046,79.051819
1420.596484,0.036332,0.000461,78.88118
1420.597656,0.036319,0.000462,78.682632
1420.598828,0.036267,0.000463,78.366432
1420.6,0.036275,0.000463,78.319679
1420.601172,0.03632,0.000463,78.435616
1420.602344,0.036404,0.000462,78.856583
1420.603516,0.036486,0.000461,79.224838
1420.604687,0.036428,0.000461,78.96051
1420.605859,0.036324,0.000463,78.398003
1420.607031,0.03642,0.000464,78.485611
1420.608203,0.036547,0.000464,78.824623
1420.609375,0.036564,0.000465,78.604065
1420.610547,0.03656,0.000465,78.605698
1420.611719,0.03657,0.000464,78.743378
1420.612891,0.036646,0.000464,78.925865
1420.614063,0.036635,0.000464,78.945023
1420.615234,0.036645,0.000464,78.937721
1420.616406,0.036721,0.000466,78.753761
1420.617578,0.036679,0.000467,78.466667
1420.61875,0.036616,0.000467,78.442108
1420.619922,0.036676,0.000466,78.672211
1420.621094,0.036706,0.000466,78.685188
1420.622266,0.036658,0.000466,78.68515
1420.623437,0.036672,0.000466,78.776901
1420.624609,0.036749,0.000467,78.714813
1420.625781,0.036812,0.000467,78.777847
1420.626953,0.03679,0.000468,78.694405
1420.628125,0.036742,0.000468,78.570717
1420.629297,0.036769,0.000469,78.410858
1420.630469,0.036743,0.000469,78.289719
1420.631641,0.036769,0.000468,78.486313
1420.632812,0.036853,0.000469,78.626945
1420.633984,0.036769,0.000468,78.507019
1420.635156,0.036802,0.000468,78.641647
1420.636328,0.036941,0.000468,78.878265
1420.6375,0.037075,0.00047,78.947777
1420.638672,0.037103,0.000471,78.713341
1420.639844,0.036963,0.000472,78.273964
1420.641016,0.036877,0.000472,78.063072
1420.642187,0.036904,0.000471,78.296303
1420.643359,0.037029,0.000472,78.527817
1420.644531,0.037018,0.000473,78.343941
1420.645703,0.036998,0.000473,78.257561
1420.646875,0.037012,0.000472,78.423576
1420.648047,0.036997,0.000472,78.441986
1420.649219,0.036863,0.000472,78.066322
1420.650391,0.036863,0.000473,77.864548
1420.651562,0.036962,0.000474,77.939857
1420.652734,0.036973,0.000473,78.132324
1420.653906,0.036997,0.000472,78.309677
1420.655078,0.037083,0.000473,78.441139
1420.65625,0.037105,0.000474,78.343529
1420.657422,0.037071,0.000474,78.166992
1420.658594,0.037091,0.000475,78.098953
1420.659766,0.037174,0.000476,78.176414
1420.660938,0.037211,0.000475,78.301804
1420.662109,0.037217,0.000475,78.392548
1420.663281,0.037179,0.000475,78.22023
1420.664453,0.037141,0.000477,77.925369
1420.665625,0.037136,0.000477,77.808006
1420.666797,0.037138,0.000477,77.870972
1420.667969,0.037174,0.000476,78.11908
1420.669141,0.037222,0.000475,78.299706
1420.670312,0.037268,0.000475,78.383316
1420.671484,0.037352,0.000476,78.493286
1420.672656,0.037326,0.000475,78.574173
1420.673828,0.037275,0.000476,78.391075
1420.675,0.037293,0.000476,78.417389
1420.676172,0.037258,0.000475,78.462791
1420.677344,0.037193,0.000476,78.178398
1420.678516,0.037145,0.000476,78.053604
1420.679688,0.037109,0.000476,77.984489
1420.680859,0.037216,0.000477,78.026619
1420.682031,0.037319,0.000478,78.052467
1420.683203,0.037243,0.000479,77.762123
1420.684375,0.037165,0.000478,77.705994
1420.685547,0.037139,0.000478,77.74485
1420.686719,0.037218,0.000478,77.83876
1420.687891,0.037235,0.000479,77.802277
1420.689062,0.03725,0.000478,77.944916
1420.690234,0.037293,0.000477,78.20546
1420.691406,0.037295,0.000477,78.207733
1420.692578,0.037286,0.000478,78.066879
1420.69375,0.037363,0.000478,78.168343
1420.694922,0.037354,0.000478,78.089104
1420.696094,0.037304,0.00048,77.775162
1420.697266,0.037297,0.00048,77.705162
1420.698437,0.03732,0.000479,77.859688
1420.699609,0.037392,0.000479,78.043755
1420.700781,0.037467,0.000479,78.140129
1420.701953,0.037502,0.000481,78.02095
1420.703125,0.03748,0.000482,77.80619
1420.704297,0.03736,0.000481,77.662262
1420.705469,0.037444,0.000479,78.120377
1420.706641,0.03753,0.000479,78.345711
1420.707813,0.037457,0.000479,78.146591
1420.708984,0.037398,0.00048,77.898712
1420.710156,0.037368,0.00048,77.845291
1420.711328,0.037385,0.000479,78.044975
1420.7125,0.037331,0.000478,78.071289
1420.713672,0.037247,0.000479,77.791153
1420.714844,0.037253,0.000479,77.800995
1420.716016,0.037225,0.000479,77.637802
1420.717187,0.03725,0.000481,77.506622
1420.718359,0.037268,0.000482,77.380287
1420.719531,0.037335,0.000481,77.574791
1420.720703,0.037403,0.000481,77.824554
1420.721875,0.037458,0.00048,77.994743
1420.723047,0.03736,0.00048,77.796371
1420.724219,0.037313,0.00048,77.7285
1420.725391,0.037207,0.000479,77.698227
1420.726562,0.037145,0.000478,77.675407
1420.727734,0.037317,0.000479,77.968613
1420.728906,0.037388,0.000479,78.028191
1420.730078,0.037318,0.000479,77.836075
1420.73125,0.037331,0.00048,77.799835
1420.732422,0.037333,0.00048,77.846069
1420.733594,0.037308,0.00048,77.785637
1420.734766,0.037327,0.000481,77.647507
1420.735937,0.037272,0.000481,77.555557
1420.737109,0.037284,0.00048,77.672951
1420.738281,0.037413,0.00048,77.904053
1420.739453,0.037413,0.00048,77.932686
1420.740625,0.037417,0.00048,77.991417
1420.741797,0.037407,0.00048,77.919449
1420.742969,0.0373,0.000479,77.866974
1420.744141,0.037247,0.000479,77.789192
1420.745312,0.037208,0.000479,77.715958
1420.746484,0.037236,0.000478,77.96991
1420.747656,0.037261,0.000478,77.903252
1420.748828,0.037241,0.000479,77.717911
1420.75,0.037271,0.000479,77.788277
1420.751172,0.037307,0.000479,77.871017
1420.752344,0.037236,0.000479,77.79586
1420.753516,0.03714,0.000479,77.557312
1420.754688,0.037094,0.000479,77.468788
1420.755859,0.03717,0.000477,77.844528
1420.757031,0.037257,0.000477,78.150597
1420.758203,0.037178,0.000478,77.828133
1420.759375,0.037104,0.000478,77.600174
1420.760547,0.037127,0.000478,77.612564
1420.761719,0.037203,0.000478,77.782707
1420.762891,0.037191,0.000477,77.92572
1420.764062,0.037102,0.000476,77.895172
1420.765234,0.036962,0.000477,77.491798
1420.766406,0.036972,0.000477,77.469711
1420.767578,0.037008,0.000477,77.626534
1420.76875,0.037064,0.000477,77.636887
1420.769922,0.037106,0.000478,77.701393
1420.771094,0.037128,0.000477,77.796608
1420.772266,0.037089,0.000477,77.749969
1420.773438,0.037019,0.000476,77.788696
1420.774609,0.037041,0.000475,77.984367
1420.775781,0.036989,0.000475,77.883575
1420.776953,0.036923,0.000475,77.804039
1420.778125,0.036896,0.000473,77.94603
1420.779297,0.036821,0.000472,77.971954
1420.780469,0.036835,0.000472,77.988297
1420.781641,0.036834,0.000473,77.794991
1420.782812,0.03682,0.000475,77.578957
1420.783984,0.036746,0.000474,77.459373
1420.785156,0.036745,0.000474,77.524742
1420.786328,0.036738,0.000474,77.57724
1420.7875,0.036637,0.000473,77.453682
1420.788672,0.036632,0.000473,77.472015
1420.789844,0.036632,0.000473,77.463531
1420.791016,0.036601,0.000472,77.586815
1420.792187,0.036554,0.00047,77.766144
1420.793359,0.03654,0.000469,77.836632
1420.794531,0.036592,0.00047,77.859779
1420.795703,0.03657,0.00047,77.806808
1420.796875,0.036575,0.00047,77.852547
1420.798047,0.036798,0.000471,78.068214
1420.799219,0.03776,0.000489,77.209549
1420.800391,0.03874,0.000511,75.880852
1420.801563,0.03743,0.000488,76.632645
1420.802734,0.036418,0.000471,77.269737
1420.803906,0.036295,0.000469,77.449272
1420.805078,0.03624,0.000467,77.673943
1420.80625,0.036221,0.000466,77.738853
1420.807422,0.036224,0.000467,77.553406
1420.808594,0.036153,0.000467,77.349907
1420.809766,0.036119,0.000466,77.500275
1420.810937,0.036178,0.000465,77.739731
1420.812109,0.036191,0.000466,77.689255
1420.813281,0.036134,0.000466,77.538559
1420.814453,0.036029,0.000464,77.576271
1420.815625,0.035969,0.000463,77.61174
1420.816797,0.036069,0.000464,77.747314
1420.817969,0.036042,0.000464,77.697937
1420.819141,0.035884,0.000463,77.581924
1420.820312,0.035837,0.000461,77.68943
1420.821484,0.035828,0.000461,77.679428
1420.822656,0.035719,0.000462,77.3255
1420.823828,0.035716,0.000461,77.419868
1420.825,0.035815,0.000461,77.729355
1420.826172,0.035749,0.000461,77.534683
1420.827344,0.035717,0.000461,77.497276
1420.828516,0.035674,0.000461,77.436272
1420.829687,0.035586,0.00046,77.424873
1420.830859,0.035511,0.000459,77.406982
1420.832031,0.035516,0.000458,77.533844
1420.833203,0.035442,0.000459,77.290039
1420.834375,0.03537,0.000458,77.260857
1420.835547,0.03541,0.000456,77.622116
1420.836719,0.035426,0.000455,77.93441
1420.837891,0.035343,0.000453,78.002449
1420.839062,0.035269,0.000452,77.970383
1420.840234,0.035119,0.000452,77.656883
1420.841406,0.035024,0.000452,77.407562
1420.842578,0.035109,0.000453,77.521507
1420.84375,0.035092,0.000454,77.377876
1420.844922,0.034929,0.000453,77.050171
1420.846094,0.034889,0.00045,77.460442
1420.847266,0.034972,0.000449,77.832245
1420.848438,0.034927,0.00045,77.668343
1420.849609,0.034851,0.000449,77.585457
1420.850781,0.034813,0.000449,77.490334
1420.851953,0.034775,0.00045,77.357826
1420.853125,0.034776,0.000449,77.413612
1420.854297,0.034765,0.000447,77.726364
1420.855469,0.03467,0.000445,77.843163
1420.856641,0.034589,0.000444,77.88343
1420.857812,0.034517,0.000443,77.926331
1420.858984,0.034459,0.000443,77.717545
1420.860156,0.034369,0.000443,77.539146
1420.861328,0.034204,0.000443,77.266083
1420.8625,0.034189,0.000442,77.289253
1420.863672,0.034218,0.000441,77.634239
1420.864844,0.034197,0.00044,77.781319
1420.866016,0.034145,0.000439,77.760727
1420.867188,0.034041,0.000438,77.798447
1420.868359,0.033996,0.000437,77.782402
1420.869531,0.033961,0.000438,77.59124
1420.870703,0.033924,0.000437,77.628769
1420.871875,0.033786,0.000436,77.561569
1420.873047,0.033684,0.000434,77.652702
1420.874219,0.033577,0.000433,77.565369
1420.875391,0.03363,0.000433,77.679199
1420.876562,0.033728,0.000433,77.961754
1420.877734,0.033587,0.000432,77.835373
1420.878906,0.033411,0.00043,77.678452
1420.880078,0.03339,0.000429,77.823692
1420.88125,0.03338,0.000429,77.733826
1420.882422,0.03334,0.000429,77.700798
1420.883594,0.033273,0.000427,77.839622
1420.884766,0.033216,0.000427,77.803963
1420.885937,0.033099,0.000427,77.474045
1420.887109,0.032985,0.000426,77.428391
1420.888281,0.033008,0.000425,77.677666
1420.889453,0.03297,0.000424,77.770798
1420.890625,0.032841,0.000422,77.83638
1420.891797,0.032772,0.00042,78.008171
1420.892969,0.032721,0.00042,77.934258
1420.894141,0.032628,0.00042,77.687523
1420.895313,0.032529,0.000419,77.547058
1420.896484,0.032475,0.000419,77.581779
1420.897656,0.032367,0.000418,77.471138
1420.898828,0.032305,0.000418,77.300751
1420.9,0.032262,0.000417,77.322075
1420.901172,0.032164,0.000416,77.26059
1420.902344,0.032165,0.000415,77.513802
1420.903516,0.03213,0.000414,77.677521
1420.904687,0.032046,0.000412,77.87355
1420.905859,0.031943,0.00041,77.93029
1420.907031,0.031822,0.000409,77.773361
1420.908203,0.031807,0.000409,77.711647
1420.909375,0.03178,0.000409,77.704025
1420.910547,0.031676,0.000408,77.680351
1420.911719,0.031618,0.000406,77.836983
1420.912891,0.031535,0.000405,77.876991
1420.914062,0.031422,0.000405,77.66246
1420.915234,0.031336,0.000405,77.395203
1420.916406,0.031302,0.000404,77.497307
1420.917578,0.031297,0.000403,77.708397
1420.91875,0.031263,0.000402,77.848709
1420.919922,0.031132,0.0004,77.83519
1420.921094,0.030967,0.000399,77.701233
1420.922266,0.030921,0.000398,77.672798
1420.923437,0.03085,0.000398,77.487663
1420.924609,0.030746,0.000397,77.474396
1420.925781,0.030696,0.000395,77.65052
1420.926953,0.030636,0.000395,77.641045
1420.928125,0.03061,0.000393,77.89753
1420.929297,0.030559,0.000391,78.114586
1420.930469,0.03052,0.000391,78.097275
1420.931641,0.030395,0.00039,77.86058
1420.932812,0.030255,0.000389,77.741104
1420.933984,0.030237,0.000388,77.832794
1420.935156,0.030199,0.000388,77.814552
1420.936328,0.030119,0.000387,77.888229
1420.9375,0.030035,0.000386,77.881638
1420.938672,0.02988,0.000385,77.573608
1420.939844,0.029827,0.000385,77.517303
1420.941016,0.029817,0.000383,77.782883
1420.942188,0.029711,0.000382,77.792519
1420.943359,0.029596,0.000381,77.616402
1420.944531,0.029516,0.000381,77.56295
1420.945703,0.029368,0.000379,77.411255
1420.946875,0.02924,0.000378,77.400032
1420.948047,0.029118,0.000377,77.242554
1420.949219,0.029091,0.000377,77.226471
1420.950391,0.029047,0.000375,77.475685
1420.951562,0.028972,0.000373,77.694984
1420.952734,0.028922,0.000372,77.801216
1420.953906,0.028822,0.000372,77.566132
1420.955078,0.028686,0.000371,77.396767
1420.95625,0.02858,0.000369,77.414787
1420.957422,0.028534,0.000368,77.5495
1420.958594,0.028525,0.000367,77.830238
1420.959766,0.02848,0.000365,77.939804
1420.960938,0.028411,0.000364,77.992935
1420.962109,0.028243,0.000364,77.664246
1420.963281,0.028096,0.000363,77.419739
1420.964453,0.028043,0.000361,77.617165
1420.965625,0.027941,0.00036,77.630684
1420.966797,0.027823,0.000359,77.407829
1420.967969,0.027794,0.00036,77.310783
1420.969141,0.027791,0.000358,77.5467
1420.970312,0.02771,0.000356,77.777328
1420.971484,0.027596,0.000356,77.484428
1420.972656,0.027466,0.000356,77.142464
1420.973828,0.027393,0.000353,77.58197
1420.975,0.027333,0.000351,77.8601
1420.976172,0.027171,0.00035,77.598389
1420.977344,0.027094,0.00035,77.49424
1420.978516,0.027078,0.000349,77.655937
1420.979687,0.02698,0.000346,77.871216
1420.980859,0.026831,0.000345,77.71788
1420.982031,0.026774,0.000344,77.745667
1420.983203,0.026727,0.000343,77.836739
1420.984375,0.026651,0.000343,77.676117
1420.985547,0.026551,0.000341,77.81842
1420.986719,0.026408,0.00034,77.704475
1420.987891,0.026316,0.00034,77.471542
1420.989063,0.026308,0.00034,77.410507
1420.990234,0.026202,0.000339,77.317436
1420.991406,0.026053,0.000337,77.332924
1420.992578,0.025992,0.000336,77.453232
1420.99375,0.025947,0.000334,77.635826
1420.994922,0.025884,0.000332,77.963074
1420.996094,0.025813,0.00033,78.203461
1420.997266,0.025708,0.000329,78.215363
1420.998437,0.025581,0.000328,77.984703
1420.999609,0.025577,0.000327,78.181252
1421.000781,0.025569,0.000326,78.323738
1421.001953,0.025432,0.000326,77.995895
1421.003125,0.025304,0.000325,77.855461
1421.004297,0.025193,0.000324,77.756538
1421.005469,0.025083,0.000323,77.704468
1421.006641,0.025006,0.000322,77.766624
1421.007812,0.024922,0.00032,77.765411
1421.008984,0.024837,0.000319,77.780853
1421.010156,0.024831,0.000319,77.92804
1421.011328,0.024734,0.000317,77.975586
1421.0125,0.024588,0.000316,77.789253
1421.013672,0.024504,0.000316,77.647644
1421.014844,0.024449,0.000314,77.874611
1421.016016,0.024364,0.000312,78.027046
1421.017187,0.024284,0.000312,77.949768
1421.018359,0.024156,0.000311,77.776108
1421.019531,0.024021,0.000309,77.631538
1421.020703,0.023908,0.000308,77.547417
1421.021875,0.023901,0.000307,77.749977
1421.023047,0.023911,0.000306,78.222145
1421.024219,0.023807,0.000304,78.253754
1421.025391,0.023685,0.000303,78.185814
1421.026562,0.023574,0.000301,78.238632
1421.027734,0.023488,0.000301,78.118446
1421.028906,0.023383,0.0003,78.019707
1421.030078,0.023261,0.000298,77.948387
1421.03125,0.023158,0.000298,77.795013
1421.032422,0.023104,0.000297,77.779625
1421.033594,0.023033,0.000296,77.860954
1421.034766,0.022965,0.000294,78.044533
1421.035938,0.022872,0.000293,77.950226
1421.037109,0.022734,0.000293,77.616272
1421.038281,0.022619,0.000292,77.56601
1421.039453,0.02256,0.00029,77.769424
1421.040625,0.022521,0.000289,78.026695
1421.041797,0.022436,0.000287,78.041855
1421.042969,0.022404,0.000288,77.923637
1421.044141,0.02237,0.000287,77.942276
1421.045312,0.0222,0.000286,77.596489
1421.046484,0.022058,0.000285,77.482056
1421.047656,0.022076,0.000282,78.176033
1421.048828,0.022077,0.000281,78.693581
1421.05,0.021962,0.00028,78.526657
1421.051172,0.02182,0.000279,78.201126
1421.052344,0.021695,0.000278,78.042946
1421.053516,0.021597,0.000277,78.072365
1421.054688,0.021533,0.000276,77.979294
1421.055859,0.02147,0.000276,77.882576
1421.057031,0.0214,0.000274,78.061722
1421.058203,0.021322,0.000273,78.070755
1421.059375,0.021272,0.000273,78.049103
1421.060547,0.021228,0.000271,78.2575
1421.061719,0.021151,0.00027,78.278709
1421.062891,0.021082,0.000269,78.226151
1421.064062,0.020954,0.000269,77.98735
1421.065234,0.020789,0.000268,77.634727
1421.066406,0.020718,0.000267,77.681274
1421.067578,0.020683,0.000265,78.044891
1421.06875,0.020634,0.000263,78.380615
1421.069922,0.020566,0.000262,78.366562
1421.071094,0.020497,0.000262,78.260658
1421.072266,0.020376,0.000261,77.926201
1421.073437,0.020287,0.00026,77.892525
1421.074609,0.020175,0.000259,77.919685
1421.075781,0.020121,0.000258,78.070213
1421.076953,0.020122,0.000257,78.353844
1421.078125,0.020079,0.000256,78.485977
1421.079297,0.020004,0.000254,78.617172
1421.080469,0.019901,0.000254,78.439606
1421.081641,0.019818,0.000253,78.215248
1421.082813,0.019773,0.000253,78.263306
1421.083984,0.019702,0.000252,78.334412
1421.085156,0.019613,0.00025,78.33213
1421.086328,0.01954,0.000249,78.390236
1421.0875,0.019481,0.000248,78.414375
1421.088672,0.019394,0.000247,78.449226
1421.089844,0.019329,0.000246,78.62265
1421.091016,0.019296,0.000245,78.832619
1421.092187,0.019206,0.000244,78.780899
1421.093359,0.019099,0.000243,78.623222
1421.094531,0.019005,0.000242,78.499489
1421.095703,0.018945,0.000241,78.447227
1421.096875,0.018866,0.000241,78.236809
1421.098047,0.018843,0.00024,78.350731
1421.099219,0.018767,0.00024,78.255753
1421.100391,0.018681,0.000239,78.313995
1421.101562,0.018627,0.000237,78.44072
1421.102734,0.018566,0.000237,78.447861
1421.103906,0.018558,0.000236,78.711678
1421.105078,0.018515,0.000235,78.784126
1421.10625,0.018394,0.000234,78.656548
1421.107422,0.018315,0.000233,78.690254
1421.108594,0.018266,0.000232,78.814781
1421.109766,0.018229,0.000231,78.886574
1421.110937,0.018134,0.000231,78.657143
1421.112109,0.018066,0.00023,78.592697
1421.113281,0.018052,0.000229,78.896378
1421.114453,0.018003,0.000228,78.941696
1421.115625,0.017914,0.000227,78.775101
1421.116797,0.017828,0.000226,78.725998
1421.117969,0.017798,0.000226,78.753914
1421.119141,0.017724,0.000225,78.751312
1421.120312,0.017661,0.000224,78.813568
1421.121484,0.017608,0.000223,78.797836
1421.122656,0.01752,0.000222,78.836815
1421.123828,0.017488,0.000221,79.197975
1421.125,0.017464,0.000221,79.195763
1421.126172,0.017412,0.00022,78.982025
1421.127344,0.01734,0.000219,79.032814
1421.128516,0.01726,0.000219,78.913666
1421.129688,0.01723,0.000218,78.961082
1421.130859,0.017212,0.000217,79.142014
1421.132031,0.01714,0.000216,79.221558
1421.133203,0.017063,0.000215,79.223976
1421.134375,0.017027,0.000215,79.252563
1421.135547,0.016938,0.000214,79.113579
1421.136719,0.016849,0.000213,79.004944
1421.137891,0.016827,0.000213,79.11718
1421.139062,0.016836,0.000212,79.292397
1421.140234,0.01677,0.000211,79.372772
1421.141406,0.01671,0.000211,79.155075
1421.142578,0.016656,0.000211,78.941696
1421.14375,0.01659,0.00021,78.912781
1421.144922,0.01657,0.000209,79.181908
1421.146094,0.016551,0.000208,79.379997
1421.147266,0.0165,0.000208,79.407463
1421.148438,0.016477,0.000207,79.720634
1421.149609,0.016436,0.000206,79.912437
1421.150781,0.016358,0.000206,79.482651
1421.151953,0.016243,0.000206,78.911407
1421.153125,0.016188,0.000205,78.983849
1421.154297,0.016191,0.000204,79.3694
1421.155469,0.016182,0.000204,79.418655
1421.156641,0.016143,0.000203,79.372208
1421.157812,0.01607,0.000203,79.26268
1421.158984,0.016009,0.000202,79.301613
1421.160156,0.015974,0.000201,79.371704
1421.161328,0.015938,0.000201,79.301414
1421.1625,0.015924,0.000201,79.408752
1421.163672,0.015878,0.0002,79.541443
1421.164844,0.015811,0.000199,79.646698
1421.166016,0.01577,0.000198,79.585426
1421.167187,0.015754,0.000198,79.515869
1421.168359,0.015698,0.000197,79.563515
1421.169531,0.015659,0.000197,79.651123
1421.170703,0.015645,0.000196,79.753052
1421.171875,0.015652,0.000196,80.051987
1421.173047,0.015598,0.000195,80.071457
1421.174219,0.015516,0.000194,79.820343
1421.175391,0.015507,0.000195,79.722847
1421.176563,0.015522,0.000194,80.02536
1421.177734,0.015515,0.000193,80.392891
1421.178906,0.015463,0.000192,80.608925
1421.180078,0.015412,0.000191,80.509819
1421.18125,0.01539,0.000192,80.257469
1421.182422,0.015353,0.000191,80.278442
1421.183594,0.015315,0.000191,80.286705
1421.184766,0.01525,0.000191,80.027893
1421.185937,0.015245,0.00019,80.235764
1421.187109,0.01524,0.00019,80.417259
1421.188281,0.015188,0.000189,80.399094
1421.189453,0.015169,0.000188,80.592674
1421.190625,0.015167,0.000187,80.903625
1421.191797,0.015136,0.000187,81.116386
1421.192969,0.015082,0.000186,80.908615
1421.194141,0.015077,0.000187,80.701607
1421.195312,0.015069,0.000186,80.801262
1421.196484,0.015044,0.000186,80.995422
1421.197656,0.015009,0.000185,80.977058
1421.198828,0.014934,0.000185,80.668266